order_id,order_item_id,order_quantity
e6769dca-e173-4bf2-a482-b1561e88e8b9,919d770e-bb07-43e2-830c-af0e68a46131,1
e6769dca-e173-4bf2-a482-b1561e88e8b9,d974a4b5-1b2b-4668-9fec-9313c3ecd907,4
1c4179f6-4528-4e9e-808f-f266bc4802d6,fa22c659-68fb-4beb-8d69-222f8df35aaf,4
1c4179f6-4528-4e9e-808f-f266bc4802d6,336b9122-7452-4d15-9e0e-a0c4289e2e23,2
1c4179f6-4528-4e9e-808f-f266bc4802d6,745f23ad-2526-4192-9621-9e80cfc367da,4
1c4179f6-4528-4e9e-808f-f266bc4802d6,fa22c659-68fb-4beb-8d69-222f8df35aaf,3
1c4179f6-4528-4e9e-808f-f266bc4802d6,54d2c29f-85e4-4053-85d0-12da4d5b16b7,2
1c4179f6-4528-4e9e-808f-f266bc4802d6,336b9122-7452-4d15-9e0e-a0c4289e2e23,2
1c4179f6-4528-4e9e-808f-f266bc4802d6,1a397769-abfd-4077-ac2d-bc1d38c9c87f,4
1c4179f6-4528-4e9e-808f-f266bc4802d6,cbb2a9b0-b9f2-4e04-ad0b-a85f2f040304,2
1c4179f6-4528-4e9e-808f-f266bc4802d6,b89da699-f18c-4bdd-ada3-5562805968b1,4
1c4179f6-4528-4e9e-808f-f266bc4802d6,66cd0c29-0d37-4fce-a43c-ed8629e88d50,2
5081637a-6a50-451c-aaa1-1d9b38b182a7,847251ef-0555-4e8b-af28-d1dd3c47023d,4
5081637a-6a50-451c-aaa1-1d9b38b182a7,14bf788b-edf0-4e7a-8f05-b48b653ed08a,2
5081637a-6a50-451c-aaa1-1d9b38b182a7,2f8178b7-9b62-42ab-acba-42691bb0fa1f,1
5081637a-6a50-451c-aaa1-1d9b38b182a7,bbedb7fd-23c7-4de5-bc93-42718546f25b,4
2b9f9e30-6cdd-4da0-af37-8fe0303c556f,a78425ce-7263-444f-a6eb-d3b321c54837,2
2b9f9e30-6cdd-4da0-af37-8fe0303c556f,9f938e81-7d27-45cd-b9c2-e121cc360edf,4
2b9f9e30-6cdd-4da0-af37-8fe0303c556f,b5390533-6b2d-45eb-a9cf-d9eb78930820,3
2b9f9e30-6cdd-4da0-af37-8fe0303c556f,cc287d9c-d4ad-4437-b49a-e9e8a2d17dfd,3
2b9f9e30-6cdd-4da0-af37-8fe0303c556f,bbedb7fd-23c7-4de5-bc93-42718546f25b,1
2b9f9e30-6cdd-4da0-af37-8fe0303c556f,7c705e75-faf8-4509-ba7d-6100a977ec7a,4
2b9f9e30-6cdd-4da0-af37-8fe0303c556f,4426701b-3bc5-4ffc-9f49-2d2e70c7a52e,2
81e2e61b-c231-4374-b441-800b82152be2,cbb2a9b0-b9f2-4e04-ad0b-a85f2f040304,2
81e2e61b-c231-4374-b441-800b82152be2,cbb2a9b0-b9f2-4e04-ad0b-a85f2f040304,3
81e2e61b-c231-4374-b441-800b82152be2,4426701b-3bc5-4ffc-9f49-2d2e70c7a52e,1
81e2e61b-c231-4374-b441-800b82152be2,0984ab2c-8d23-4222-9435-c191936b7eb3,2
df4bc7cc-009f-4032-a0c3-df275646bc78,17454866-d3cf-4c9e-bc5d-a08d5c283865,1
df4bc7cc-009f-4032-a0c3-df275646bc78,f4522ca6-8357-482c-8423-1861d44580aa,3
df4bc7cc-009f-4032-a0c3-df275646bc78,e0345a31-d755-4c10-abc1-f181a9408c83,1
df4bc7cc-009f-4032-a0c3-df275646bc78,9f938e81-7d27-45cd-b9c2-e121cc360edf,2
286dbe0f-941d-4eaa-8692-33986171f86b,b89da699-f18c-4bdd-ada3-5562805968b1,1
286dbe0f-941d-4eaa-8692-33986171f86b,b5214d37-4174-44ba-b262-6f81a2f93dee,2
286dbe0f-941d-4eaa-8692-33986171f86b,a47785eb-e02d-424a-9903-0c8e13352670,2
286dbe0f-941d-4eaa-8692-33986171f86b,33a2d180-c272-4e4e-95b2-36112674bb32,3
286dbe0f-941d-4eaa-8692-33986171f86b,d974a4b5-1b2b-4668-9fec-9313c3ecd907,1
286dbe0f-941d-4eaa-8692-33986171f86b,f85a76d3-7e6d-498b-ad8b-451d841bde40,3
09dbb3ec-d279-4d83-8467-b5e7641012f4,fa22c659-68fb-4beb-8d69-222f8df35aaf,3
09dbb3ec-d279-4d83-8467-b5e7641012f4,3bb377a6-fed6-4bf9-a367-257749bb00e0,2
09dbb3ec-d279-4d83-8467-b5e7641012f4,489c43f6-9759-4485-ab68-39434421d333,1
09dbb3ec-d279-4d83-8467-b5e7641012f4,bbedb7fd-23c7-4de5-bc93-42718546f25b,1
09dbb3ec-d279-4d83-8467-b5e7641012f4,a93da88d-0c57-45a7-9a5d-1664aa2a47d1,2
09dbb3ec-d279-4d83-8467-b5e7641012f4,f7feeaa8-bea1-4736-9ade-6db05c995f11,4
09dbb3ec-d279-4d83-8467-b5e7641012f4,33a2d180-c272-4e4e-95b2-36112674bb32,3
71b25260-feb5-4089-9c22-ba85f71dd51d,4426701b-3bc5-4ffc-9f49-2d2e70c7a52e,3
71b25260-feb5-4089-9c22-ba85f71dd51d,489c43f6-9759-4485-ab68-39434421d333,1
2a0078d4-5e94-4fba-b0b1-40f0836c3058,4006a1cc-9ea0-4d78-abcd-8df62ac68505,1
2a0078d4-5e94-4fba-b0b1-40f0836c3058,dbf30547-bd5a-43dc-8759-f7ccc700c730,4
2a0078d4-5e94-4fba-b0b1-40f0836c3058,d9f3608f-fa4a-4c89-a1e0-efda9a77724c,2
2a0078d4-5e94-4fba-b0b1-40f0836c3058,17454866-d3cf-4c9e-bc5d-a08d5c283865,4
2a0078d4-5e94-4fba-b0b1-40f0836c3058,4426701b-3bc5-4ffc-9f49-2d2e70c7a52e,3
91579587-5afb-4374-9ae2-db711af9ea3c,e8b6ad76-4498-4f03-90f2-48a8ba38e0cc,3
91579587-5afb-4374-9ae2-db711af9ea3c,b89da699-f18c-4bdd-ada3-5562805968b1,3
91579587-5afb-4374-9ae2-db711af9ea3c,9f938e81-7d27-45cd-b9c2-e121cc360edf,3
91579587-5afb-4374-9ae2-db711af9ea3c,6753deca-b028-4fc7-b60e-25e3d5139c5c,2
91579587-5afb-4374-9ae2-db711af9ea3c,bb502651-2be7-461b-89db-3eba4571f1cc,4
91579587-5afb-4374-9ae2-db711af9ea3c,b89da699-f18c-4bdd-ada3-5562805968b1,4
91579587-5afb-4374-9ae2-db711af9ea3c,0aac9669-9512-42d6-be24-0c0612cdf777,2
9fbd8a38-2c43-412a-a90e-36198a98d38c,29c24de1-a04c-4843-8aae-34cfa93f42ff,4
9fbd8a38-2c43-412a-a90e-36198a98d38c,479808b7-d0d4-400f-8261-5d0b162e3a88,1
38835cc2-8cac-4444-9754-65e8951b6fb9,cc287d9c-d4ad-4437-b49a-e9e8a2d17dfd,4
38835cc2-8cac-4444-9754-65e8951b6fb9,489c43f6-9759-4485-ab68-39434421d333,3
38835cc2-8cac-4444-9754-65e8951b6fb9,ef5cdbd9-4faf-4d13-a43e-84585a42a8fc,1
38835cc2-8cac-4444-9754-65e8951b6fb9,4531645f-8c43-42d0-85b1-358aa341141d,1
38835cc2-8cac-4444-9754-65e8951b6fb9,4426701b-3bc5-4ffc-9f49-2d2e70c7a52e,3
38ce8067-6772-4c9a-9464-01722eaa7123,bbedb7fd-23c7-4de5-bc93-42718546f25b,3
38ce8067-6772-4c9a-9464-01722eaa7123,388e220e-4ae0-4c9f-98a6-061921e81138,1
38ce8067-6772-4c9a-9464-01722eaa7123,4531645f-8c43-42d0-85b1-358aa341141d,2
38ce8067-6772-4c9a-9464-01722eaa7123,bbedb7fd-23c7-4de5-bc93-42718546f25b,1
38ce8067-6772-4c9a-9464-01722eaa7123,ef5cdbd9-4faf-4d13-a43e-84585a42a8fc,2
38ce8067-6772-4c9a-9464-01722eaa7123,aee19085-9307-457a-9f75-d069962b3341,3
38ce8067-6772-4c9a-9464-01722eaa7123,919d770e-bb07-43e2-830c-af0e68a46131,3
38ce8067-6772-4c9a-9464-01722eaa7123,1b0d9486-c97e-4f64-9267-b704df6c9dbf,1
8bcbeb3d-91a8-415d-8af1-0799548361a0,c0a924b2-4413-455e-b9a6-cd38488dce34,1
8bcbeb3d-91a8-415d-8af1-0799548361a0,101734fe-a357-4f6f-b680-a2e05ab79416,3
8bcbeb3d-91a8-415d-8af1-0799548361a0,d974a4b5-1b2b-4668-9fec-9313c3ecd907,1
8bcbeb3d-91a8-415d-8af1-0799548361a0,c4b54d05-1605-4b56-befd-99e3cb179727,1
8bcbeb3d-91a8-415d-8af1-0799548361a0,25a5785a-bff4-40bc-bad8-9d5e9f1b8d13,2
8bcbeb3d-91a8-415d-8af1-0799548361a0,e8b6ad76-4498-4f03-90f2-48a8ba38e0cc,3
5fa7e532-8a58-438d-bbb0-8a034e5165bf,0984ab2c-8d23-4222-9435-c191936b7eb3,4
5fa7e532-8a58-438d-bbb0-8a034e5165bf,1b0d9486-c97e-4f64-9267-b704df6c9dbf,2
caf22f0d-19fe-4a2f-884c-a2bd8a0ead98,e272bb9f-57a9-4a6c-b174-da912c4c7629,4
caf22f0d-19fe-4a2f-884c-a2bd8a0ead98,f4522ca6-8357-482c-8423-1861d44580aa,4
caf22f0d-19fe-4a2f-884c-a2bd8a0ead98,795444e3-3c57-4580-aafd-e5fed373e9c7,1
caf22f0d-19fe-4a2f-884c-a2bd8a0ead98,0984ab2c-8d23-4222-9435-c191936b7eb3,2
64082383-cba5-4b2e-a303-6c4c0272deef,25a5785a-bff4-40bc-bad8-9d5e9f1b8d13,1
64082383-cba5-4b2e-a303-6c4c0272deef,cbb2a9b0-b9f2-4e04-ad0b-a85f2f040304,1
64082383-cba5-4b2e-a303-6c4c0272deef,66cd0c29-0d37-4fce-a43c-ed8629e88d50,3
64082383-cba5-4b2e-a303-6c4c0272deef,4b8e4252-26cb-4f8c-88f1-6884386896f9,4
64082383-cba5-4b2e-a303-6c4c0272deef,0dbc86f0-1d19-47b7-a218-1efccf1917c2,3
64082383-cba5-4b2e-a303-6c4c0272deef,489c43f6-9759-4485-ab68-39434421d333,2
64082383-cba5-4b2e-a303-6c4c0272deef,f167c024-e660-4b35-93f2-d05c2bf64e21,2
64082383-cba5-4b2e-a303-6c4c0272deef,ae668877-4497-4409-b206-e5f588858f16,3
9840202a-7dc0-418a-b814-2433d6a07323,f615b4af-f0f8-4d78-9394-ff0d7ea3ad34,1
9840202a-7dc0-418a-b814-2433d6a07323,652eff4b-0682-4297-8cd8-57af86af21ff,2
9840202a-7dc0-418a-b814-2433d6a07323,e0345a31-d755-4c10-abc1-f181a9408c83,4
9840202a-7dc0-418a-b814-2433d6a07323,4b8e4252-26cb-4f8c-88f1-6884386896f9,4
9840202a-7dc0-418a-b814-2433d6a07323,69cd191f-a370-4368-8a0b-155ce1938e1d,1
9840202a-7dc0-418a-b814-2433d6a07323,a93da88d-0c57-45a7-9a5d-1664aa2a47d1,3
28b1e24b-41f5-4432-8567-ba4afc40e6a3,e52dd3be-8768-4e07-8b81-9988de878313,2
28b1e24b-41f5-4432-8567-ba4afc40e6a3,a006822e-1cc3-449d-a248-c3e25a9dd35d,2
e98e03d9-3578-47a8-ae90-95cc16f449a9,0c5e40da-9f86-458c-8513-e4a3fc28100c,4
e98e03d9-3578-47a8-ae90-95cc16f449a9,e0345a31-d755-4c10-abc1-f181a9408c83,2
e98e03d9-3578-47a8-ae90-95cc16f449a9,a8b85e9a-c3b8-4a0c-9f1a-7123143eab35,3
72962f7c-39df-43b2-b5a3-51a65d1e0639,101734fe-a357-4f6f-b680-a2e05ab79416,3
756e6609-2034-45e9-b714-86d22f482d57,ad355194-fb32-41a7-bb2f-24a12dfe626b,4
756e6609-2034-45e9-b714-86d22f482d57,4a87f572-0a52-44eb-9f11-3f468b9c7447,4
756e6609-2034-45e9-b714-86d22f482d57,5e81a406-ab92-4a73-9397-4e3b4f689b7f,1
756e6609-2034-45e9-b714-86d22f482d57,0aa74d4b-ada6-421d-854c-fd7f9df98cc8,4
756e6609-2034-45e9-b714-86d22f482d57,aee19085-9307-457a-9f75-d069962b3341,4
756e6609-2034-45e9-b714-86d22f482d57,4006a1cc-9ea0-4d78-abcd-8df62ac68505,2
756e6609-2034-45e9-b714-86d22f482d57,b5214d37-4174-44ba-b262-6f81a2f93dee,4
756e6609-2034-45e9-b714-86d22f482d57,f85a76d3-7e6d-498b-ad8b-451d841bde40,2
756e6609-2034-45e9-b714-86d22f482d57,9f938e81-7d27-45cd-b9c2-e121cc360edf,2
006cddc2-8e4b-4fce-8988-dffe5152d220,18e80379-af5d-4c52-b5e1-df36483675d9,3
006cddc2-8e4b-4fce-8988-dffe5152d220,275e0f96-4e8c-4f7d-9819-cd80b40c7336,1
006cddc2-8e4b-4fce-8988-dffe5152d220,d15d328d-e6b5-4ac8-8232-afce11642b62,4
e36f2fc4-094f-44cf-b99a-c08598cad44e,eabec00e-2958-449e-a394-a46311144494,2
e36f2fc4-094f-44cf-b99a-c08598cad44e,336b9122-7452-4d15-9e0e-a0c4289e2e23,3
e36f2fc4-094f-44cf-b99a-c08598cad44e,d9f3608f-fa4a-4c89-a1e0-efda9a77724c,3
e36f2fc4-094f-44cf-b99a-c08598cad44e,d824052e-2727-4957-beba-7a991280a7be,4
e36f2fc4-094f-44cf-b99a-c08598cad44e,29c24de1-a04c-4843-8aae-34cfa93f42ff,4
e36f2fc4-094f-44cf-b99a-c08598cad44e,b2967972-ee15-4cd3-9bb7-65bbb068be15,2
e36f2fc4-094f-44cf-b99a-c08598cad44e,4426701b-3bc5-4ffc-9f49-2d2e70c7a52e,3
e36f2fc4-094f-44cf-b99a-c08598cad44e,0aa74d4b-ada6-421d-854c-fd7f9df98cc8,2
cd76f13d-1986-4416-9e85-bd4c41ac350f,5e81a406-ab92-4a73-9397-4e3b4f689b7f,4
cd76f13d-1986-4416-9e85-bd4c41ac350f,dbf30547-bd5a-43dc-8759-f7ccc700c730,4
cd76f13d-1986-4416-9e85-bd4c41ac350f,479808b7-d0d4-400f-8261-5d0b162e3a88,4
cd76f13d-1986-4416-9e85-bd4c41ac350f,919d770e-bb07-43e2-830c-af0e68a46131,3
cd76f13d-1986-4416-9e85-bd4c41ac350f,cbb2a9b0-b9f2-4e04-ad0b-a85f2f040304,2
cd76f13d-1986-4416-9e85-bd4c41ac350f,c0a924b2-4413-455e-b9a6-cd38488dce34,1
cd76f13d-1986-4416-9e85-bd4c41ac350f,c0136712-7509-4151-b65f-887dbf7ec7fa,1
cd76f13d-1986-4416-9e85-bd4c41ac350f,1a397769-abfd-4077-ac2d-bc1d38c9c87f,2
cd76f13d-1986-4416-9e85-bd4c41ac350f,e52dd3be-8768-4e07-8b81-9988de878313,1
cd76f13d-1986-4416-9e85-bd4c41ac350f,69cd191f-a370-4368-8a0b-155ce1938e1d,3
db6e2700-0687-410b-8128-52e466d5235f,f167c024-e660-4b35-93f2-d05c2bf64e21,4
db6e2700-0687-410b-8128-52e466d5235f,f63bdcd9-f1b5-41bd-ae4f-e5eb1fa7cbda,1
db6e2700-0687-410b-8128-52e466d5235f,f4522ca6-8357-482c-8423-1861d44580aa,1
db6e2700-0687-410b-8128-52e466d5235f,18e80379-af5d-4c52-b5e1-df36483675d9,2
db6e2700-0687-410b-8128-52e466d5235f,fa22c659-68fb-4beb-8d69-222f8df35aaf,3
db6e2700-0687-410b-8128-52e466d5235f,69cd191f-a370-4368-8a0b-155ce1938e1d,1
db6e2700-0687-410b-8128-52e466d5235f,d0ff0cfe-f839-4d2a-97c2-46720b4ac8d1,4
db6e2700-0687-410b-8128-52e466d5235f,479808b7-d0d4-400f-8261-5d0b162e3a88,1
db6e2700-0687-410b-8128-52e466d5235f,652eff4b-0682-4297-8cd8-57af86af21ff,4
843d2b8e-e61e-4c6b-908f-08c3e6f07ad3,a006822e-1cc3-449d-a248-c3e25a9dd35d,2
843d2b8e-e61e-4c6b-908f-08c3e6f07ad3,bbedb7fd-23c7-4de5-bc93-42718546f25b,1
843d2b8e-e61e-4c6b-908f-08c3e6f07ad3,ae668877-4497-4409-b206-e5f588858f16,4
843d2b8e-e61e-4c6b-908f-08c3e6f07ad3,b5214d37-4174-44ba-b262-6f81a2f93dee,2
843d2b8e-e61e-4c6b-908f-08c3e6f07ad3,919d770e-bb07-43e2-830c-af0e68a46131,1
843d2b8e-e61e-4c6b-908f-08c3e6f07ad3,0aac9669-9512-42d6-be24-0c0612cdf777,1
1966a87e-78bf-490b-8086-9af56e8dfc95,3654c3e9-7f10-4c4a-ae39-6e9e1a21f463,3
1966a87e-78bf-490b-8086-9af56e8dfc95,336b9122-7452-4d15-9e0e-a0c4289e2e23,3
1966a87e-78bf-490b-8086-9af56e8dfc95,847251ef-0555-4e8b-af28-d1dd3c47023d,3
1966a87e-78bf-490b-8086-9af56e8dfc95,c0a924b2-4413-455e-b9a6-cd38488dce34,3
1966a87e-78bf-490b-8086-9af56e8dfc95,bb502651-2be7-461b-89db-3eba4571f1cc,4
dd83758b-c45c-41d0-b83f-3187f61557c8,4b8e4252-26cb-4f8c-88f1-6884386896f9,4
9ff98ee3-813d-42e3-ba90-4755057ad19a,4531645f-8c43-42d0-85b1-358aa341141d,2
9ff98ee3-813d-42e3-ba90-4755057ad19a,388e220e-4ae0-4c9f-98a6-061921e81138,4
9ff98ee3-813d-42e3-ba90-4755057ad19a,cbb2a9b0-b9f2-4e04-ad0b-a85f2f040304,4
1d6ac547-350d-4f0b-b07c-4975c0490732,b89da699-f18c-4bdd-ada3-5562805968b1,1
1d6ac547-350d-4f0b-b07c-4975c0490732,f7feeaa8-bea1-4736-9ade-6db05c995f11,2
1d6ac547-350d-4f0b-b07c-4975c0490732,a47785eb-e02d-424a-9903-0c8e13352670,1
1d6ac547-350d-4f0b-b07c-4975c0490732,336b9122-7452-4d15-9e0e-a0c4289e2e23,2
1d6ac547-350d-4f0b-b07c-4975c0490732,dbf30547-bd5a-43dc-8759-f7ccc700c730,1
1d6ac547-350d-4f0b-b07c-4975c0490732,0984ab2c-8d23-4222-9435-c191936b7eb3,2
1d6ac547-350d-4f0b-b07c-4975c0490732,101734fe-a357-4f6f-b680-a2e05ab79416,3
1d6ac547-350d-4f0b-b07c-4975c0490732,96bc4148-f2ab-47db-968d-2f5fb3198251,4
d920896d-7836-452d-a8c9-3a30d0dbcc23,232b49c7-74e2-4261-a3e8-d0569e5ed2b2,3
d920896d-7836-452d-a8c9-3a30d0dbcc23,8081d927-d84d-4f2f-bf1f-0908a70e7daf,1
d920896d-7836-452d-a8c9-3a30d0dbcc23,95ea191d-4f66-47cb-aa05-692d94c5e27f,4
d920896d-7836-452d-a8c9-3a30d0dbcc23,1b0d9486-c97e-4f64-9267-b704df6c9dbf,4
d920896d-7836-452d-a8c9-3a30d0dbcc23,ad355194-fb32-41a7-bb2f-24a12dfe626b,1
d920896d-7836-452d-a8c9-3a30d0dbcc23,82a98706-0438-4686-94ea-947a59e93919,4
d920896d-7836-452d-a8c9-3a30d0dbcc23,6753deca-b028-4fc7-b60e-25e3d5139c5c,2
7765fb2f-4987-49dd-bbf6-5237036cb277,388e220e-4ae0-4c9f-98a6-061921e81138,3
7765fb2f-4987-49dd-bbf6-5237036cb277,bbedb7fd-23c7-4de5-bc93-42718546f25b,1
7765fb2f-4987-49dd-bbf6-5237036cb277,d15d328d-e6b5-4ac8-8232-afce11642b62,3
7765fb2f-4987-49dd-bbf6-5237036cb277,7c705e75-faf8-4509-ba7d-6100a977ec7a,2
7765fb2f-4987-49dd-bbf6-5237036cb277,17454866-d3cf-4c9e-bc5d-a08d5c283865,2
6c5a2f42-85b0-4958-985e-2d842629018d,e8b6ad76-4498-4f03-90f2-48a8ba38e0cc,3
6c5a2f42-85b0-4958-985e-2d842629018d,23e16b2c-8988-4360-ae73-3381c078bf29,4
6c5a2f42-85b0-4958-985e-2d842629018d,a8b85e9a-c3b8-4a0c-9f1a-7123143eab35,2
6c5a2f42-85b0-4958-985e-2d842629018d,d9f3608f-fa4a-4c89-a1e0-efda9a77724c,1
7fa6fae7-7a2f-4a11-b63c-9ef7fa579bd8,5e81a406-ab92-4a73-9397-4e3b4f689b7f,4
7fa6fae7-7a2f-4a11-b63c-9ef7fa579bd8,0dbc86f0-1d19-47b7-a218-1efccf1917c2,2
7fa6fae7-7a2f-4a11-b63c-9ef7fa579bd8,9f938e81-7d27-45cd-b9c2-e121cc360edf,1
7fa6fae7-7a2f-4a11-b63c-9ef7fa579bd8,847251ef-0555-4e8b-af28-d1dd3c47023d,2
7c6d010f-89e4-45d9-b129-db652bed5d9e,4531645f-8c43-42d0-85b1-358aa341141d,2
7c6d010f-89e4-45d9-b129-db652bed5d9e,489c43f6-9759-4485-ab68-39434421d333,4
7c6d010f-89e4-45d9-b129-db652bed5d9e,bbedb7fd-23c7-4de5-bc93-42718546f25b,4
7c6d010f-89e4-45d9-b129-db652bed5d9e,eabec00e-2958-449e-a394-a46311144494,4
7c6d010f-89e4-45d9-b129-db652bed5d9e,33a2d180-c272-4e4e-95b2-36112674bb32,3
7c6d010f-89e4-45d9-b129-db652bed5d9e,336b9122-7452-4d15-9e0e-a0c4289e2e23,4
7c6d010f-89e4-45d9-b129-db652bed5d9e,388e220e-4ae0-4c9f-98a6-061921e81138,4
7c6d010f-89e4-45d9-b129-db652bed5d9e,a47785eb-e02d-424a-9903-0c8e13352670,3
7c6d010f-89e4-45d9-b129-db652bed5d9e,ccbe0fa1-7478-4547-88f2-7bc3bce17fa2,2
ca898dff-055f-4348-af30-287774467a4f,b2967972-ee15-4cd3-9bb7-65bbb068be15,2
ca898dff-055f-4348-af30-287774467a4f,d9f3608f-fa4a-4c89-a1e0-efda9a77724c,4
ca898dff-055f-4348-af30-287774467a4f,a93da88d-0c57-45a7-9a5d-1664aa2a47d1,1
ca898dff-055f-4348-af30-287774467a4f,82a98706-0438-4686-94ea-947a59e93919,2
ca898dff-055f-4348-af30-287774467a4f,1a397769-abfd-4077-ac2d-bc1d38c9c87f,4
ca898dff-055f-4348-af30-287774467a4f,3654c3e9-7f10-4c4a-ae39-6e9e1a21f463,1
ca898dff-055f-4348-af30-287774467a4f,c0136712-7509-4151-b65f-887dbf7ec7fa,2
52ad5b72-d61e-4d45-9e3f-2fdec2c243c0,f7feeaa8-bea1-4736-9ade-6db05c995f11,2
52ad5b72-d61e-4d45-9e3f-2fdec2c243c0,ca06c49b-7e56-472e-9b44-66eb23c78c0f,4
52ad5b72-d61e-4d45-9e3f-2fdec2c243c0,18e80379-af5d-4c52-b5e1-df36483675d9,3
52ad5b72-d61e-4d45-9e3f-2fdec2c243c0,b4d5eb1e-3e4d-4077-8203-eb84b47e68fb,3
52ad5b72-d61e-4d45-9e3f-2fdec2c243c0,69cd191f-a370-4368-8a0b-155ce1938e1d,4
52ad5b72-d61e-4d45-9e3f-2fdec2c243c0,f798ffc5-b1d1-4c2e-b032-866b31fb6d19,4
52ad5b72-d61e-4d45-9e3f-2fdec2c243c0,66cd0c29-0d37-4fce-a43c-ed8629e88d50,3
52ad5b72-d61e-4d45-9e3f-2fdec2c243c0,388e220e-4ae0-4c9f-98a6-061921e81138,4
52ad5b72-d61e-4d45-9e3f-2fdec2c243c0,c4b54d05-1605-4b56-befd-99e3cb179727,2
8915a9ca-482a-4478-939c-523ffd3b74e2,e0345a31-d755-4c10-abc1-f181a9408c83,4
8915a9ca-482a-4478-939c-523ffd3b74e2,6a7c1826-0e1a-4756-baad-83f807b692a8,1
8915a9ca-482a-4478-939c-523ffd3b74e2,95ea191d-4f66-47cb-aa05-692d94c5e27f,1
8915a9ca-482a-4478-939c-523ffd3b74e2,275e0f96-4e8c-4f7d-9819-cd80b40c7336,3
8d8d7c16-d389-4cbc-ba56-727b8dbcc276,0aac9669-9512-42d6-be24-0c0612cdf777,3
8d8d7c16-d389-4cbc-ba56-727b8dbcc276,2f8178b7-9b62-42ab-acba-42691bb0fa1f,4
8d8d7c16-d389-4cbc-ba56-727b8dbcc276,6a7c1826-0e1a-4756-baad-83f807b692a8,4
8d8d7c16-d389-4cbc-ba56-727b8dbcc276,dbf30547-bd5a-43dc-8759-f7ccc700c730,1
8d8d7c16-d389-4cbc-ba56-727b8dbcc276,a93da88d-0c57-45a7-9a5d-1664aa2a47d1,3
8d8d7c16-d389-4cbc-ba56-727b8dbcc276,6a7c1826-0e1a-4756-baad-83f807b692a8,2
8d8d7c16-d389-4cbc-ba56-727b8dbcc276,f85a76d3-7e6d-498b-ad8b-451d841bde40,4
8d8d7c16-d389-4cbc-ba56-727b8dbcc276,b4d5eb1e-3e4d-4077-8203-eb84b47e68fb,3
8d8d7c16-d389-4cbc-ba56-727b8dbcc276,a78425ce-7263-444f-a6eb-d3b321c54837,3
8d8d7c16-d389-4cbc-ba56-727b8dbcc276,1a397769-abfd-4077-ac2d-bc1d38c9c87f,1
623c05b3-b13a-4e9b-9148-40c5731da70f,c0a924b2-4413-455e-b9a6-cd38488dce34,3
623c05b3-b13a-4e9b-9148-40c5731da70f,dc1c9f7c-0160-4f29-a6e7-79d15846ecc8,4
623c05b3-b13a-4e9b-9148-40c5731da70f,a93da88d-0c57-45a7-9a5d-1664aa2a47d1,1
623c05b3-b13a-4e9b-9148-40c5731da70f,388e220e-4ae0-4c9f-98a6-061921e81138,3
623c05b3-b13a-4e9b-9148-40c5731da70f,388e220e-4ae0-4c9f-98a6-061921e81138,1
623c05b3-b13a-4e9b-9148-40c5731da70f,d0c195f1-c634-4295-be83-abbea67000e8,4
623c05b3-b13a-4e9b-9148-40c5731da70f,d9f3608f-fa4a-4c89-a1e0-efda9a77724c,4
623c05b3-b13a-4e9b-9148-40c5731da70f,e8b6ad76-4498-4f03-90f2-48a8ba38e0cc,3
623c05b3-b13a-4e9b-9148-40c5731da70f,96bc4148-f2ab-47db-968d-2f5fb3198251,1
623c05b3-b13a-4e9b-9148-40c5731da70f,336b9122-7452-4d15-9e0e-a0c4289e2e23,2
ce458919-1ac7-43dc-affb-6e82b3afa992,f798ffc5-b1d1-4c2e-b032-866b31fb6d19,3
ce458919-1ac7-43dc-affb-6e82b3afa992,229cc4b4-03aa-44c5-b17c-8d7687cfe3a6,1
ce458919-1ac7-43dc-affb-6e82b3afa992,3654c3e9-7f10-4c4a-ae39-6e9e1a21f463,3
ce458919-1ac7-43dc-affb-6e82b3afa992,b89da699-f18c-4bdd-ada3-5562805968b1,2
ce458919-1ac7-43dc-affb-6e82b3afa992,96bc4148-f2ab-47db-968d-2f5fb3198251,2
ce458919-1ac7-43dc-affb-6e82b3afa992,b89da699-f18c-4bdd-ada3-5562805968b1,1
ce458919-1ac7-43dc-affb-6e82b3afa992,4531645f-8c43-42d0-85b1-358aa341141d,2
ce458919-1ac7-43dc-affb-6e82b3afa992,b2967972-ee15-4cd3-9bb7-65bbb068be15,3
ce458919-1ac7-43dc-affb-6e82b3afa992,229cc4b4-03aa-44c5-b17c-8d7687cfe3a6,2
a1885a4c-bc04-4e19-8130-5733bcf31eba,b89da699-f18c-4bdd-ada3-5562805968b1,1
a1885a4c-bc04-4e19-8130-5733bcf31eba,e8b6ad76-4498-4f03-90f2-48a8ba38e0cc,3
a1885a4c-bc04-4e19-8130-5733bcf31eba,102f7ab9-f368-4dbd-8ec8-0339b548fc47,2
a1885a4c-bc04-4e19-8130-5733bcf31eba,7ff20914-cf8c-46b8-bd51-c7a3fac5843f,2
a1885a4c-bc04-4e19-8130-5733bcf31eba,b5390533-6b2d-45eb-a9cf-d9eb78930820,2
a1885a4c-bc04-4e19-8130-5733bcf31eba,b5214d37-4174-44ba-b262-6f81a2f93dee,3
a1885a4c-bc04-4e19-8130-5733bcf31eba,d824052e-2727-4957-beba-7a991280a7be,4
0d163ad3-82cc-48d7-a954-0827d925ddd4,d0ff0cfe-f839-4d2a-97c2-46720b4ac8d1,4
0d163ad3-82cc-48d7-a954-0827d925ddd4,5e81a406-ab92-4a73-9397-4e3b4f689b7f,2
0d163ad3-82cc-48d7-a954-0827d925ddd4,4a87f572-0a52-44eb-9f11-3f468b9c7447,1
0d163ad3-82cc-48d7-a954-0827d925ddd4,95ea191d-4f66-47cb-aa05-692d94c5e27f,1
0d163ad3-82cc-48d7-a954-0827d925ddd4,102f7ab9-f368-4dbd-8ec8-0339b548fc47,4
e8580c5c-6db0-4df2-9c1e-068a8f209a32,f92d177e-67f4-4de0-b632-595b28873f6c,1
e8580c5c-6db0-4df2-9c1e-068a8f209a32,d824052e-2727-4957-beba-7a991280a7be,4
e8580c5c-6db0-4df2-9c1e-068a8f209a32,4a87f572-0a52-44eb-9f11-3f468b9c7447,1
e8580c5c-6db0-4df2-9c1e-068a8f209a32,cc287d9c-d4ad-4437-b49a-e9e8a2d17dfd,3
e8580c5c-6db0-4df2-9c1e-068a8f209a32,b2967972-ee15-4cd3-9bb7-65bbb068be15,2
e8580c5c-6db0-4df2-9c1e-068a8f209a32,06e18f41-9e0c-4614-8e67-6ed67a14ab34,4
e8580c5c-6db0-4df2-9c1e-068a8f209a32,1b0d9486-c97e-4f64-9267-b704df6c9dbf,3
e8580c5c-6db0-4df2-9c1e-068a8f209a32,ef5cdbd9-4faf-4d13-a43e-84585a42a8fc,2
e8580c5c-6db0-4df2-9c1e-068a8f209a32,b4d5eb1e-3e4d-4077-8203-eb84b47e68fb,3
e8580c5c-6db0-4df2-9c1e-068a8f209a32,82a98706-0438-4686-94ea-947a59e93919,2
9d5a1b2b-1443-4e14-8808-ffcdd6dcebd4,06e18f41-9e0c-4614-8e67-6ed67a14ab34,4
6896fc0f-34f7-4ad2-b142-b380ade4f94b,a78425ce-7263-444f-a6eb-d3b321c54837,2
6896fc0f-34f7-4ad2-b142-b380ade4f94b,cc287d9c-d4ad-4437-b49a-e9e8a2d17dfd,4
6896fc0f-34f7-4ad2-b142-b380ade4f94b,3654c3e9-7f10-4c4a-ae39-6e9e1a21f463,2
6896fc0f-34f7-4ad2-b142-b380ade4f94b,1b0d9486-c97e-4f64-9267-b704df6c9dbf,4
d32e8110-9c72-4d6f-85b1-daf32afed8ab,dbf30547-bd5a-43dc-8759-f7ccc700c730,4
d32e8110-9c72-4d6f-85b1-daf32afed8ab,ae668877-4497-4409-b206-e5f588858f16,1
d32e8110-9c72-4d6f-85b1-daf32afed8ab,3090cf53-fcc1-4b88-8724-7204dd475da2,1
d32e8110-9c72-4d6f-85b1-daf32afed8ab,cbb2a9b0-b9f2-4e04-ad0b-a85f2f040304,2
d32e8110-9c72-4d6f-85b1-daf32afed8ab,ae668877-4497-4409-b206-e5f588858f16,1
d32e8110-9c72-4d6f-85b1-daf32afed8ab,a8b85e9a-c3b8-4a0c-9f1a-7123143eab35,4
d32e8110-9c72-4d6f-85b1-daf32afed8ab,c4b54d05-1605-4b56-befd-99e3cb179727,3
d32e8110-9c72-4d6f-85b1-daf32afed8ab,102f7ab9-f368-4dbd-8ec8-0339b548fc47,3
d32e8110-9c72-4d6f-85b1-daf32afed8ab,a93da88d-0c57-45a7-9a5d-1664aa2a47d1,1
baa91503-a768-4f2e-9aea-90e8f1645411,06e18f41-9e0c-4614-8e67-6ed67a14ab34,3
baa91503-a768-4f2e-9aea-90e8f1645411,25a5785a-bff4-40bc-bad8-9d5e9f1b8d13,4
baa91503-a768-4f2e-9aea-90e8f1645411,d824052e-2727-4957-beba-7a991280a7be,4
baa91503-a768-4f2e-9aea-90e8f1645411,f798ffc5-b1d1-4c2e-b032-866b31fb6d19,1
59d658d8-47d8-423a-aca6-27e76475d0bb,0c5e40da-9f86-458c-8513-e4a3fc28100c,3
59d658d8-47d8-423a-aca6-27e76475d0bb,0dbc86f0-1d19-47b7-a218-1efccf1917c2,1
59d658d8-47d8-423a-aca6-27e76475d0bb,eabec00e-2958-449e-a394-a46311144494,4
59d658d8-47d8-423a-aca6-27e76475d0bb,232b49c7-74e2-4261-a3e8-d0569e5ed2b2,1
59d658d8-47d8-423a-aca6-27e76475d0bb,14bf788b-edf0-4e7a-8f05-b48b653ed08a,3
59d658d8-47d8-423a-aca6-27e76475d0bb,5c24ed10-962a-4a0e-95e1-c1da02daf171,3
59d658d8-47d8-423a-aca6-27e76475d0bb,aee19085-9307-457a-9f75-d069962b3341,3
59d658d8-47d8-423a-aca6-27e76475d0bb,66cd0c29-0d37-4fce-a43c-ed8629e88d50,3
59d658d8-47d8-423a-aca6-27e76475d0bb,95ea191d-4f66-47cb-aa05-692d94c5e27f,1
59d658d8-47d8-423a-aca6-27e76475d0bb,102f7ab9-f368-4dbd-8ec8-0339b548fc47,4
4510ed80-61aa-4f44-8f32-d1462d28f44d,6753deca-b028-4fc7-b60e-25e3d5139c5c,3
4510ed80-61aa-4f44-8f32-d1462d28f44d,f4522ca6-8357-482c-8423-1861d44580aa,3
4510ed80-61aa-4f44-8f32-d1462d28f44d,7ff20914-cf8c-46b8-bd51-c7a3fac5843f,2
7311389b-3d5f-427f-bf49-c8e5b67d718a,479808b7-d0d4-400f-8261-5d0b162e3a88,2
7311389b-3d5f-427f-bf49-c8e5b67d718a,7ff20914-cf8c-46b8-bd51-c7a3fac5843f,1
7311389b-3d5f-427f-bf49-c8e5b67d718a,a409df27-4d34-4c1e-856c-fd2e30565bac,2
7311389b-3d5f-427f-bf49-c8e5b67d718a,96bc4148-f2ab-47db-968d-2f5fb3198251,2
7311389b-3d5f-427f-bf49-c8e5b67d718a,82a98706-0438-4686-94ea-947a59e93919,4
88de83e9-d2d1-4a06-9f8e-5b6f222583fa,1a397769-abfd-4077-ac2d-bc1d38c9c87f,2
88de83e9-d2d1-4a06-9f8e-5b6f222583fa,275e0f96-4e8c-4f7d-9819-cd80b40c7336,1
88de83e9-d2d1-4a06-9f8e-5b6f222583fa,f7feeaa8-bea1-4736-9ade-6db05c995f11,3
88de83e9-d2d1-4a06-9f8e-5b6f222583fa,d824052e-2727-4957-beba-7a991280a7be,3
3004f70a-f12a-4447-983d-5781dbd955c5,d0ff0cfe-f839-4d2a-97c2-46720b4ac8d1,1
3004f70a-f12a-4447-983d-5781dbd955c5,06e18f41-9e0c-4614-8e67-6ed67a14ab34,2
3004f70a-f12a-4447-983d-5781dbd955c5,ccbe0fa1-7478-4547-88f2-7bc3bce17fa2,2
3004f70a-f12a-4447-983d-5781dbd955c5,d0c195f1-c634-4295-be83-abbea67000e8,3
3004f70a-f12a-4447-983d-5781dbd955c5,a8b85e9a-c3b8-4a0c-9f1a-7123143eab35,4
396c2ea7-75b0-4624-bb2a-d9c679bd86ab,66cd0c29-0d37-4fce-a43c-ed8629e88d50,2
396c2ea7-75b0-4624-bb2a-d9c679bd86ab,0aa74d4b-ada6-421d-854c-fd7f9df98cc8,2
396c2ea7-75b0-4624-bb2a-d9c679bd86ab,229cc4b4-03aa-44c5-b17c-8d7687cfe3a6,1
396c2ea7-75b0-4624-bb2a-d9c679bd86ab,f4522ca6-8357-482c-8423-1861d44580aa,1
396c2ea7-75b0-4624-bb2a-d9c679bd86ab,69cd191f-a370-4368-8a0b-155ce1938e1d,2
396c2ea7-75b0-4624-bb2a-d9c679bd86ab,82a98706-0438-4686-94ea-947a59e93919,1
396c2ea7-75b0-4624-bb2a-d9c679bd86ab,c0136712-7509-4151-b65f-887dbf7ec7fa,4
396c2ea7-75b0-4624-bb2a-d9c679bd86ab,0dbc86f0-1d19-47b7-a218-1efccf1917c2,1
396c2ea7-75b0-4624-bb2a-d9c679bd86ab,a006822e-1cc3-449d-a248-c3e25a9dd35d,3
53d3802b-9923-49db-891c-e35ea802c179,b89da699-f18c-4bdd-ada3-5562805968b1,2
53d3802b-9923-49db-891c-e35ea802c179,0984ab2c-8d23-4222-9435-c191936b7eb3,1
53d3802b-9923-49db-891c-e35ea802c179,ae668877-4497-4409-b206-e5f588858f16,3
53d3802b-9923-49db-891c-e35ea802c179,0aa74d4b-ada6-421d-854c-fd7f9df98cc8,3
53d3802b-9923-49db-891c-e35ea802c179,18e80379-af5d-4c52-b5e1-df36483675d9,1
53d3802b-9923-49db-891c-e35ea802c179,479808b7-d0d4-400f-8261-5d0b162e3a88,3
53d3802b-9923-49db-891c-e35ea802c179,101734fe-a357-4f6f-b680-a2e05ab79416,3
1e724e56-d38d-4c9b-8a0f-b88e2c598e36,4a87f572-0a52-44eb-9f11-3f468b9c7447,2
1e724e56-d38d-4c9b-8a0f-b88e2c598e36,4a87f572-0a52-44eb-9f11-3f468b9c7447,3
1e724e56-d38d-4c9b-8a0f-b88e2c598e36,b89da699-f18c-4bdd-ada3-5562805968b1,4
1e724e56-d38d-4c9b-8a0f-b88e2c598e36,0984ab2c-8d23-4222-9435-c191936b7eb3,4
50eb820a-9e37-4e06-baa9-5c34a4871d44,e272bb9f-57a9-4a6c-b174-da912c4c7629,1
50eb820a-9e37-4e06-baa9-5c34a4871d44,101734fe-a357-4f6f-b680-a2e05ab79416,2
50eb820a-9e37-4e06-baa9-5c34a4871d44,ae668877-4497-4409-b206-e5f588858f16,3
50eb820a-9e37-4e06-baa9-5c34a4871d44,b2967972-ee15-4cd3-9bb7-65bbb068be15,2
3c514684-a3fa-4b25-bdf2-523273ae6bb3,54d2c29f-85e4-4053-85d0-12da4d5b16b7,2
3c514684-a3fa-4b25-bdf2-523273ae6bb3,479808b7-d0d4-400f-8261-5d0b162e3a88,2
3c514684-a3fa-4b25-bdf2-523273ae6bb3,7c705e75-faf8-4509-ba7d-6100a977ec7a,2
3c514684-a3fa-4b25-bdf2-523273ae6bb3,6a7c1826-0e1a-4756-baad-83f807b692a8,4
3c514684-a3fa-4b25-bdf2-523273ae6bb3,6a7c1826-0e1a-4756-baad-83f807b692a8,2
3c514684-a3fa-4b25-bdf2-523273ae6bb3,232b49c7-74e2-4261-a3e8-d0569e5ed2b2,4
3c514684-a3fa-4b25-bdf2-523273ae6bb3,ca06c49b-7e56-472e-9b44-66eb23c78c0f,1
3c514684-a3fa-4b25-bdf2-523273ae6bb3,a8b85e9a-c3b8-4a0c-9f1a-7123143eab35,3
40e4a670-ca5d-4c39-add3-c2ae8abe7164,ca06c49b-7e56-472e-9b44-66eb23c78c0f,1
40e4a670-ca5d-4c39-add3-c2ae8abe7164,c0a924b2-4413-455e-b9a6-cd38488dce34,1
40e4a670-ca5d-4c39-add3-c2ae8abe7164,eabec00e-2958-449e-a394-a46311144494,2
40e4a670-ca5d-4c39-add3-c2ae8abe7164,a006822e-1cc3-449d-a248-c3e25a9dd35d,4
40e4a670-ca5d-4c39-add3-c2ae8abe7164,b5390533-6b2d-45eb-a9cf-d9eb78930820,3
40e4a670-ca5d-4c39-add3-c2ae8abe7164,66cd0c29-0d37-4fce-a43c-ed8629e88d50,4
40e4a670-ca5d-4c39-add3-c2ae8abe7164,4426701b-3bc5-4ffc-9f49-2d2e70c7a52e,3
40e4a670-ca5d-4c39-add3-c2ae8abe7164,4b8e4252-26cb-4f8c-88f1-6884386896f9,3
4bc70639-cbeb-4ab6-b984-3d177dc4204a,1a397769-abfd-4077-ac2d-bc1d38c9c87f,2
898639c1-2640-45f5-8c76-fd6ae0456625,f167c024-e660-4b35-93f2-d05c2bf64e21,1
898639c1-2640-45f5-8c76-fd6ae0456625,a409df27-4d34-4c1e-856c-fd2e30565bac,3
898639c1-2640-45f5-8c76-fd6ae0456625,275e0f96-4e8c-4f7d-9819-cd80b40c7336,3
898639c1-2640-45f5-8c76-fd6ae0456625,33a2d180-c272-4e4e-95b2-36112674bb32,4
898639c1-2640-45f5-8c76-fd6ae0456625,8081d927-d84d-4f2f-bf1f-0908a70e7daf,4
898639c1-2640-45f5-8c76-fd6ae0456625,a409df27-4d34-4c1e-856c-fd2e30565bac,4
898639c1-2640-45f5-8c76-fd6ae0456625,0c5e40da-9f86-458c-8513-e4a3fc28100c,2
898639c1-2640-45f5-8c76-fd6ae0456625,dbf30547-bd5a-43dc-8759-f7ccc700c730,2
898639c1-2640-45f5-8c76-fd6ae0456625,745f23ad-2526-4192-9621-9e80cfc367da,2
e136d454-a998-4971-8077-0b3426334922,652eff4b-0682-4297-8cd8-57af86af21ff,3
ec4fce59-164f-401b-8a4b-657f3b2d106a,a78425ce-7263-444f-a6eb-d3b321c54837,1
ec4fce59-164f-401b-8a4b-657f3b2d106a,96bc4148-f2ab-47db-968d-2f5fb3198251,2
ec4fce59-164f-401b-8a4b-657f3b2d106a,82a98706-0438-4686-94ea-947a59e93919,4
eb60b537-75ce-4a5e-93e6-c2398a26ff19,102f7ab9-f368-4dbd-8ec8-0339b548fc47,1
eb60b537-75ce-4a5e-93e6-c2398a26ff19,ad355194-fb32-41a7-bb2f-24a12dfe626b,2
eb60b537-75ce-4a5e-93e6-c2398a26ff19,0aac9669-9512-42d6-be24-0c0612cdf777,3
bd330cb2-7bce-4482-b605-7504a4b58dad,1a397769-abfd-4077-ac2d-bc1d38c9c87f,3
bd330cb2-7bce-4482-b605-7504a4b58dad,4a87f572-0a52-44eb-9f11-3f468b9c7447,3
bd330cb2-7bce-4482-b605-7504a4b58dad,ad355194-fb32-41a7-bb2f-24a12dfe626b,4
a68203d4-68f9-4912-a778-cae7ad4b8d99,6753deca-b028-4fc7-b60e-25e3d5139c5c,2
a68203d4-68f9-4912-a778-cae7ad4b8d99,d824052e-2727-4957-beba-7a991280a7be,1
a68203d4-68f9-4912-a778-cae7ad4b8d99,d974a4b5-1b2b-4668-9fec-9313c3ecd907,3
20801af0-4548-4fed-bda7-8c0583394426,f4522ca6-8357-482c-8423-1861d44580aa,4
20801af0-4548-4fed-bda7-8c0583394426,102f7ab9-f368-4dbd-8ec8-0339b548fc47,2
20801af0-4548-4fed-bda7-8c0583394426,0aac9669-9512-42d6-be24-0c0612cdf777,3
20801af0-4548-4fed-bda7-8c0583394426,ef5cdbd9-4faf-4d13-a43e-84585a42a8fc,4
20801af0-4548-4fed-bda7-8c0583394426,f798ffc5-b1d1-4c2e-b032-866b31fb6d19,2
20801af0-4548-4fed-bda7-8c0583394426,3bb377a6-fed6-4bf9-a367-257749bb00e0,1
20801af0-4548-4fed-bda7-8c0583394426,5e81a406-ab92-4a73-9397-4e3b4f689b7f,4
8c2babcf-c514-435f-b1f9-3caa5eef918b,d9f3608f-fa4a-4c89-a1e0-efda9a77724c,2
8c2babcf-c514-435f-b1f9-3caa5eef918b,4426701b-3bc5-4ffc-9f49-2d2e70c7a52e,3
8c2babcf-c514-435f-b1f9-3caa5eef918b,7ff20914-cf8c-46b8-bd51-c7a3fac5843f,1
8c2babcf-c514-435f-b1f9-3caa5eef918b,25a5785a-bff4-40bc-bad8-9d5e9f1b8d13,3
8c2babcf-c514-435f-b1f9-3caa5eef918b,f798ffc5-b1d1-4c2e-b032-866b31fb6d19,3
8c2babcf-c514-435f-b1f9-3caa5eef918b,06e18f41-9e0c-4614-8e67-6ed67a14ab34,2
8c2babcf-c514-435f-b1f9-3caa5eef918b,a93da88d-0c57-45a7-9a5d-1664aa2a47d1,4
8c2babcf-c514-435f-b1f9-3caa5eef918b,cc287d9c-d4ad-4437-b49a-e9e8a2d17dfd,4
8c2babcf-c514-435f-b1f9-3caa5eef918b,f615b4af-f0f8-4d78-9394-ff0d7ea3ad34,4
8c2babcf-c514-435f-b1f9-3caa5eef918b,0aa74d4b-ada6-421d-854c-fd7f9df98cc8,3
daa80bd9-62a9-465e-8bb7-af86318063bf,2f8178b7-9b62-42ab-acba-42691bb0fa1f,3
157b7a8d-0256-4dbf-90f5-48ce65216b8b,b89da699-f18c-4bdd-ada3-5562805968b1,4
157b7a8d-0256-4dbf-90f5-48ce65216b8b,a96a0c9e-1018-49ff-901b-15eb7d87af06,3
157b7a8d-0256-4dbf-90f5-48ce65216b8b,dbf30547-bd5a-43dc-8759-f7ccc700c730,3
157b7a8d-0256-4dbf-90f5-48ce65216b8b,b89da699-f18c-4bdd-ada3-5562805968b1,4
de46d4ab-4825-47ec-90f2-200fb2edc43d,e52dd3be-8768-4e07-8b81-9988de878313,2
de46d4ab-4825-47ec-90f2-200fb2edc43d,d0ff0cfe-f839-4d2a-97c2-46720b4ac8d1,3
de46d4ab-4825-47ec-90f2-200fb2edc43d,c0a924b2-4413-455e-b9a6-cd38488dce34,4
de46d4ab-4825-47ec-90f2-200fb2edc43d,0c5e40da-9f86-458c-8513-e4a3fc28100c,1
de46d4ab-4825-47ec-90f2-200fb2edc43d,7c705e75-faf8-4509-ba7d-6100a977ec7a,3
cde4eb91-f0e9-4f08-9c54-0310ec2a1136,d15d328d-e6b5-4ac8-8232-afce11642b62,1
cde4eb91-f0e9-4f08-9c54-0310ec2a1136,29c24de1-a04c-4843-8aae-34cfa93f42ff,2
cde4eb91-f0e9-4f08-9c54-0310ec2a1136,2f8178b7-9b62-42ab-acba-42691bb0fa1f,4
cde4eb91-f0e9-4f08-9c54-0310ec2a1136,8081d927-d84d-4f2f-bf1f-0908a70e7daf,1
cde4eb91-f0e9-4f08-9c54-0310ec2a1136,3654c3e9-7f10-4c4a-ae39-6e9e1a21f463,2
cde4eb91-f0e9-4f08-9c54-0310ec2a1136,f63bdcd9-f1b5-41bd-ae4f-e5eb1fa7cbda,2
cde4eb91-f0e9-4f08-9c54-0310ec2a1136,a006822e-1cc3-449d-a248-c3e25a9dd35d,2
cde4eb91-f0e9-4f08-9c54-0310ec2a1136,5c24ed10-962a-4a0e-95e1-c1da02daf171,3
cde4eb91-f0e9-4f08-9c54-0310ec2a1136,82a98706-0438-4686-94ea-947a59e93919,3
eb07c80d-57dc-47f3-9583-dcdd1cc7a601,101734fe-a357-4f6f-b680-a2e05ab79416,1
eb07c80d-57dc-47f3-9583-dcdd1cc7a601,8081d927-d84d-4f2f-bf1f-0908a70e7daf,4
eb07c80d-57dc-47f3-9583-dcdd1cc7a601,336b9122-7452-4d15-9e0e-a0c4289e2e23,3
eb07c80d-57dc-47f3-9583-dcdd1cc7a601,18e80379-af5d-4c52-b5e1-df36483675d9,4
eb07c80d-57dc-47f3-9583-dcdd1cc7a601,1b0d9486-c97e-4f64-9267-b704df6c9dbf,4
f910955b-1ecb-419d-a24d-fbbed0df02e3,0aa74d4b-ada6-421d-854c-fd7f9df98cc8,3
f910955b-1ecb-419d-a24d-fbbed0df02e3,b89da699-f18c-4bdd-ada3-5562805968b1,1
f910955b-1ecb-419d-a24d-fbbed0df02e3,c4b54d05-1605-4b56-befd-99e3cb179727,1
f910955b-1ecb-419d-a24d-fbbed0df02e3,2f8178b7-9b62-42ab-acba-42691bb0fa1f,4
f910955b-1ecb-419d-a24d-fbbed0df02e3,1a397769-abfd-4077-ac2d-bc1d38c9c87f,4
a4207d4d-8630-454b-81fd-8568a084b131,8081d927-d84d-4f2f-bf1f-0908a70e7daf,2
a4207d4d-8630-454b-81fd-8568a084b131,f4522ca6-8357-482c-8423-1861d44580aa,2
a4207d4d-8630-454b-81fd-8568a084b131,e8b6ad76-4498-4f03-90f2-48a8ba38e0cc,3
a4207d4d-8630-454b-81fd-8568a084b131,e5a21b5c-53d4-467c-9d53-375006f37e6f,1
a4207d4d-8630-454b-81fd-8568a084b131,c0136712-7509-4151-b65f-887dbf7ec7fa,3
a4207d4d-8630-454b-81fd-8568a084b131,a006822e-1cc3-449d-a248-c3e25a9dd35d,4
a4207d4d-8630-454b-81fd-8568a084b131,489c43f6-9759-4485-ab68-39434421d333,4
a4207d4d-8630-454b-81fd-8568a084b131,795444e3-3c57-4580-aafd-e5fed373e9c7,1
9447e12c-aa76-4118-a0ed-ef458b9453b0,69cd191f-a370-4368-8a0b-155ce1938e1d,3
9447e12c-aa76-4118-a0ed-ef458b9453b0,ef5cdbd9-4faf-4d13-a43e-84585a42a8fc,4
9447e12c-aa76-4118-a0ed-ef458b9453b0,0aac9669-9512-42d6-be24-0c0612cdf777,4
9447e12c-aa76-4118-a0ed-ef458b9453b0,66cd0c29-0d37-4fce-a43c-ed8629e88d50,2
9447e12c-aa76-4118-a0ed-ef458b9453b0,6753deca-b028-4fc7-b60e-25e3d5139c5c,3
9447e12c-aa76-4118-a0ed-ef458b9453b0,f85a76d3-7e6d-498b-ad8b-451d841bde40,1
9447e12c-aa76-4118-a0ed-ef458b9453b0,b2967972-ee15-4cd3-9bb7-65bbb068be15,4
9447e12c-aa76-4118-a0ed-ef458b9453b0,f4522ca6-8357-482c-8423-1861d44580aa,1
f1c0acf5-3402-46b9-acb2-e73519932142,0984ab2c-8d23-4222-9435-c191936b7eb3,3
52d14843-76fb-4733-81ab-4ed674bf0aa3,a409df27-4d34-4c1e-856c-fd2e30565bac,1
52d14843-76fb-4733-81ab-4ed674bf0aa3,e5a21b5c-53d4-467c-9d53-375006f37e6f,4
52d14843-76fb-4733-81ab-4ed674bf0aa3,c4b54d05-1605-4b56-befd-99e3cb179727,3
52d14843-76fb-4733-81ab-4ed674bf0aa3,ca06c49b-7e56-472e-9b44-66eb23c78c0f,2
52d14843-76fb-4733-81ab-4ed674bf0aa3,d0c195f1-c634-4295-be83-abbea67000e8,2
52d14843-76fb-4733-81ab-4ed674bf0aa3,14bf788b-edf0-4e7a-8f05-b48b653ed08a,1
52d14843-76fb-4733-81ab-4ed674bf0aa3,ccbe0fa1-7478-4547-88f2-7bc3bce17fa2,2
52d14843-76fb-4733-81ab-4ed674bf0aa3,7ff20914-cf8c-46b8-bd51-c7a3fac5843f,1
6056a490-af57-47f7-8130-bea0b737badd,7ff20914-cf8c-46b8-bd51-c7a3fac5843f,2
6056a490-af57-47f7-8130-bea0b737badd,6a7c1826-0e1a-4756-baad-83f807b692a8,4
6056a490-af57-47f7-8130-bea0b737badd,4b8e4252-26cb-4f8c-88f1-6884386896f9,2
6056a490-af57-47f7-8130-bea0b737badd,4006a1cc-9ea0-4d78-abcd-8df62ac68505,2
6056a490-af57-47f7-8130-bea0b737badd,919d770e-bb07-43e2-830c-af0e68a46131,4
6056a490-af57-47f7-8130-bea0b737badd,102f7ab9-f368-4dbd-8ec8-0339b548fc47,2
6056a490-af57-47f7-8130-bea0b737badd,b4d5eb1e-3e4d-4077-8203-eb84b47e68fb,2
6056a490-af57-47f7-8130-bea0b737badd,8081d927-d84d-4f2f-bf1f-0908a70e7daf,4
6056a490-af57-47f7-8130-bea0b737badd,e8b6ad76-4498-4f03-90f2-48a8ba38e0cc,3
6056a490-af57-47f7-8130-bea0b737badd,3bb377a6-fed6-4bf9-a367-257749bb00e0,4
9519b78f-3459-427c-8e6f-ba03ac11884e,cbb2a9b0-b9f2-4e04-ad0b-a85f2f040304,2
9519b78f-3459-427c-8e6f-ba03ac11884e,1a397769-abfd-4077-ac2d-bc1d38c9c87f,2
9519b78f-3459-427c-8e6f-ba03ac11884e,3654c3e9-7f10-4c4a-ae39-6e9e1a21f463,1
2e8fea13-29e8-47e4-9aa3-df5d6a35cdbf,1b0d9486-c97e-4f64-9267-b704df6c9dbf,1
2e8fea13-29e8-47e4-9aa3-df5d6a35cdbf,a78425ce-7263-444f-a6eb-d3b321c54837,3
e640ba7f-67c1-4d8c-bc9d-33b2e029d68b,dbf30547-bd5a-43dc-8759-f7ccc700c730,2
e640ba7f-67c1-4d8c-bc9d-33b2e029d68b,eabec00e-2958-449e-a394-a46311144494,1
e5ebdbf5-9a0a-4e8b-99be-a5131928411d,dc1c9f7c-0160-4f29-a6e7-79d15846ecc8,4
e5ebdbf5-9a0a-4e8b-99be-a5131928411d,5c24ed10-962a-4a0e-95e1-c1da02daf171,4
e5ebdbf5-9a0a-4e8b-99be-a5131928411d,4a87f572-0a52-44eb-9f11-3f468b9c7447,1
e5ebdbf5-9a0a-4e8b-99be-a5131928411d,275e0f96-4e8c-4f7d-9819-cd80b40c7336,1
e5ebdbf5-9a0a-4e8b-99be-a5131928411d,25a5785a-bff4-40bc-bad8-9d5e9f1b8d13,3
e5ebdbf5-9a0a-4e8b-99be-a5131928411d,275e0f96-4e8c-4f7d-9819-cd80b40c7336,2
e5ebdbf5-9a0a-4e8b-99be-a5131928411d,d974a4b5-1b2b-4668-9fec-9313c3ecd907,4
e5ebdbf5-9a0a-4e8b-99be-a5131928411d,f798ffc5-b1d1-4c2e-b032-866b31fb6d19,2
c55891d1-8378-46c2-ac53-53331fea61fa,795444e3-3c57-4580-aafd-e5fed373e9c7,2
c55891d1-8378-46c2-ac53-53331fea61fa,18e80379-af5d-4c52-b5e1-df36483675d9,4
c55891d1-8378-46c2-ac53-53331fea61fa,275e0f96-4e8c-4f7d-9819-cd80b40c7336,3
c55891d1-8378-46c2-ac53-53331fea61fa,b89da699-f18c-4bdd-ada3-5562805968b1,3
c55891d1-8378-46c2-ac53-53331fea61fa,a78425ce-7263-444f-a6eb-d3b321c54837,1
c55891d1-8378-46c2-ac53-53331fea61fa,1b0d9486-c97e-4f64-9267-b704df6c9dbf,4
c55891d1-8378-46c2-ac53-53331fea61fa,aee19085-9307-457a-9f75-d069962b3341,1
c55891d1-8378-46c2-ac53-53331fea61fa,7c705e75-faf8-4509-ba7d-6100a977ec7a,2
fda97ccd-e081-4249-9873-e344b689f32f,a93da88d-0c57-45a7-9a5d-1664aa2a47d1,3
9b02796c-b973-477f-9a30-3462c69e0df7,745f23ad-2526-4192-9621-9e80cfc367da,4
9b02796c-b973-477f-9a30-3462c69e0df7,14bf788b-edf0-4e7a-8f05-b48b653ed08a,2
9b02796c-b973-477f-9a30-3462c69e0df7,489c43f6-9759-4485-ab68-39434421d333,2
0ad53a37-40c9-4434-b91a-e862a3790a21,a006822e-1cc3-449d-a248-c3e25a9dd35d,3
9c6e3568-c1b4-47bd-bcfa-d11c8f9ee152,d974a4b5-1b2b-4668-9fec-9313c3ecd907,3
9c6e3568-c1b4-47bd-bcfa-d11c8f9ee152,e5a21b5c-53d4-467c-9d53-375006f37e6f,4
9c6e3568-c1b4-47bd-bcfa-d11c8f9ee152,25a5785a-bff4-40bc-bad8-9d5e9f1b8d13,2
9c6e3568-c1b4-47bd-bcfa-d11c8f9ee152,b89da699-f18c-4bdd-ada3-5562805968b1,2
9c6e3568-c1b4-47bd-bcfa-d11c8f9ee152,1a397769-abfd-4077-ac2d-bc1d38c9c87f,4
9c6e3568-c1b4-47bd-bcfa-d11c8f9ee152,2f8178b7-9b62-42ab-acba-42691bb0fa1f,2
0f8f27fc-0f2b-4f81-b342-8a19a4edd637,1b0d9486-c97e-4f64-9267-b704df6c9dbf,1
0f8f27fc-0f2b-4f81-b342-8a19a4edd637,bbedb7fd-23c7-4de5-bc93-42718546f25b,1
0f8f27fc-0f2b-4f81-b342-8a19a4edd637,e8b6ad76-4498-4f03-90f2-48a8ba38e0cc,1
0f8f27fc-0f2b-4f81-b342-8a19a4edd637,fa22c659-68fb-4beb-8d69-222f8df35aaf,3
0f8f27fc-0f2b-4f81-b342-8a19a4edd637,ccbe0fa1-7478-4547-88f2-7bc3bce17fa2,2
0f8f27fc-0f2b-4f81-b342-8a19a4edd637,95ea191d-4f66-47cb-aa05-692d94c5e27f,2
c7ab6870-79d1-4b03-82f2-28d83e3c7db8,0dbc86f0-1d19-47b7-a218-1efccf1917c2,1
c7ab6870-79d1-4b03-82f2-28d83e3c7db8,dc1c9f7c-0160-4f29-a6e7-79d15846ecc8,2
c7ab6870-79d1-4b03-82f2-28d83e3c7db8,a96a0c9e-1018-49ff-901b-15eb7d87af06,4
c7ab6870-79d1-4b03-82f2-28d83e3c7db8,b4d5eb1e-3e4d-4077-8203-eb84b47e68fb,1
c7ab6870-79d1-4b03-82f2-28d83e3c7db8,3090cf53-fcc1-4b88-8724-7204dd475da2,1
c7ab6870-79d1-4b03-82f2-28d83e3c7db8,f92d177e-67f4-4de0-b632-595b28873f6c,2
c7ab6870-79d1-4b03-82f2-28d83e3c7db8,1a397769-abfd-4077-ac2d-bc1d38c9c87f,1
c7ab6870-79d1-4b03-82f2-28d83e3c7db8,b4d5eb1e-3e4d-4077-8203-eb84b47e68fb,2
78c4c57f-17e3-4f45-8da0-57429dbeb9e6,a96a0c9e-1018-49ff-901b-15eb7d87af06,4
78c4c57f-17e3-4f45-8da0-57429dbeb9e6,17454866-d3cf-4c9e-bc5d-a08d5c283865,1
78c4c57f-17e3-4f45-8da0-57429dbeb9e6,0dbc86f0-1d19-47b7-a218-1efccf1917c2,4
78c4c57f-17e3-4f45-8da0-57429dbeb9e6,e8b6ad76-4498-4f03-90f2-48a8ba38e0cc,3
78c4c57f-17e3-4f45-8da0-57429dbeb9e6,489c43f6-9759-4485-ab68-39434421d333,3
78c4c57f-17e3-4f45-8da0-57429dbeb9e6,96bc4148-f2ab-47db-968d-2f5fb3198251,3
78c4c57f-17e3-4f45-8da0-57429dbeb9e6,229cc4b4-03aa-44c5-b17c-8d7687cfe3a6,3
45779f65-0e8c-476c-b5a1-bf43413cb3b0,6753deca-b028-4fc7-b60e-25e3d5139c5c,4
45779f65-0e8c-476c-b5a1-bf43413cb3b0,9f938e81-7d27-45cd-b9c2-e121cc360edf,2
46c97c4a-af1f-43f1-8190-8ea559d92395,f85a76d3-7e6d-498b-ad8b-451d841bde40,4
46c97c4a-af1f-43f1-8190-8ea559d92395,336b9122-7452-4d15-9e0e-a0c4289e2e23,4
46c97c4a-af1f-43f1-8190-8ea559d92395,a78425ce-7263-444f-a6eb-d3b321c54837,4
f12b5432-6014-46a3-b543-20ff0901b820,f92d177e-67f4-4de0-b632-595b28873f6c,2
f12b5432-6014-46a3-b543-20ff0901b820,33a2d180-c272-4e4e-95b2-36112674bb32,1
f12b5432-6014-46a3-b543-20ff0901b820,4426701b-3bc5-4ffc-9f49-2d2e70c7a52e,1
f12b5432-6014-46a3-b543-20ff0901b820,33a2d180-c272-4e4e-95b2-36112674bb32,3
f12b5432-6014-46a3-b543-20ff0901b820,4006a1cc-9ea0-4d78-abcd-8df62ac68505,2
f12b5432-6014-46a3-b543-20ff0901b820,5e81a406-ab92-4a73-9397-4e3b4f689b7f,4
f12b5432-6014-46a3-b543-20ff0901b820,25a5785a-bff4-40bc-bad8-9d5e9f1b8d13,3
f12b5432-6014-46a3-b543-20ff0901b820,f7feeaa8-bea1-4736-9ade-6db05c995f11,4
f12b5432-6014-46a3-b543-20ff0901b820,8081d927-d84d-4f2f-bf1f-0908a70e7daf,2
61a90000-d594-43f4-ad5e-ce000ce0ec0a,ae668877-4497-4409-b206-e5f588858f16,2
61a90000-d594-43f4-ad5e-ce000ce0ec0a,f4522ca6-8357-482c-8423-1861d44580aa,3
61a90000-d594-43f4-ad5e-ce000ce0ec0a,4a87f572-0a52-44eb-9f11-3f468b9c7447,2
61a90000-d594-43f4-ad5e-ce000ce0ec0a,66cd0c29-0d37-4fce-a43c-ed8629e88d50,3
61a90000-d594-43f4-ad5e-ce000ce0ec0a,e0345a31-d755-4c10-abc1-f181a9408c83,1
61a90000-d594-43f4-ad5e-ce000ce0ec0a,a409df27-4d34-4c1e-856c-fd2e30565bac,3
61a90000-d594-43f4-ad5e-ce000ce0ec0a,e52dd3be-8768-4e07-8b81-9988de878313,4
61a90000-d594-43f4-ad5e-ce000ce0ec0a,f7feeaa8-bea1-4736-9ade-6db05c995f11,2
61a90000-d594-43f4-ad5e-ce000ce0ec0a,1a397769-abfd-4077-ac2d-bc1d38c9c87f,1
61a90000-d594-43f4-ad5e-ce000ce0ec0a,f798ffc5-b1d1-4c2e-b032-866b31fb6d19,4
1e05d1dc-2c9f-4ecb-a955-dfa1fab4937a,d0ff0cfe-f839-4d2a-97c2-46720b4ac8d1,3
1e05d1dc-2c9f-4ecb-a955-dfa1fab4937a,82a98706-0438-4686-94ea-947a59e93919,2
1e05d1dc-2c9f-4ecb-a955-dfa1fab4937a,f615b4af-f0f8-4d78-9394-ff0d7ea3ad34,3
1e05d1dc-2c9f-4ecb-a955-dfa1fab4937a,ccbe0fa1-7478-4547-88f2-7bc3bce17fa2,3
1e05d1dc-2c9f-4ecb-a955-dfa1fab4937a,33a2d180-c272-4e4e-95b2-36112674bb32,4
1e05d1dc-2c9f-4ecb-a955-dfa1fab4937a,0984ab2c-8d23-4222-9435-c191936b7eb3,1
1e05d1dc-2c9f-4ecb-a955-dfa1fab4937a,f7feeaa8-bea1-4736-9ade-6db05c995f11,1
1e05d1dc-2c9f-4ecb-a955-dfa1fab4937a,b5214d37-4174-44ba-b262-6f81a2f93dee,3
1e05d1dc-2c9f-4ecb-a955-dfa1fab4937a,b5390533-6b2d-45eb-a9cf-d9eb78930820,4
1e05d1dc-2c9f-4ecb-a955-dfa1fab4937a,f85a76d3-7e6d-498b-ad8b-451d841bde40,1
4103f6ce-2b12-451c-b4c5-2bdf1b95b46f,102f7ab9-f368-4dbd-8ec8-0339b548fc47,3
4103f6ce-2b12-451c-b4c5-2bdf1b95b46f,745f23ad-2526-4192-9621-9e80cfc367da,3
4103f6ce-2b12-451c-b4c5-2bdf1b95b46f,29c24de1-a04c-4843-8aae-34cfa93f42ff,1
4103f6ce-2b12-451c-b4c5-2bdf1b95b46f,6a7c1826-0e1a-4756-baad-83f807b692a8,2
4103f6ce-2b12-451c-b4c5-2bdf1b95b46f,7ff20914-cf8c-46b8-bd51-c7a3fac5843f,2
4103f6ce-2b12-451c-b4c5-2bdf1b95b46f,3090cf53-fcc1-4b88-8724-7204dd475da2,1
4103f6ce-2b12-451c-b4c5-2bdf1b95b46f,8081d927-d84d-4f2f-bf1f-0908a70e7daf,1
4103f6ce-2b12-451c-b4c5-2bdf1b95b46f,0984ab2c-8d23-4222-9435-c191936b7eb3,1
4103f6ce-2b12-451c-b4c5-2bdf1b95b46f,d974a4b5-1b2b-4668-9fec-9313c3ecd907,3
6c962787-ce22-4e0b-89ce-7cf3c805432d,0aa74d4b-ada6-421d-854c-fd7f9df98cc8,4
6c962787-ce22-4e0b-89ce-7cf3c805432d,847251ef-0555-4e8b-af28-d1dd3c47023d,1
6c962787-ce22-4e0b-89ce-7cf3c805432d,388e220e-4ae0-4c9f-98a6-061921e81138,4
6c962787-ce22-4e0b-89ce-7cf3c805432d,4426701b-3bc5-4ffc-9f49-2d2e70c7a52e,2
6c962787-ce22-4e0b-89ce-7cf3c805432d,229cc4b4-03aa-44c5-b17c-8d7687cfe3a6,3
6c962787-ce22-4e0b-89ce-7cf3c805432d,d9f3608f-fa4a-4c89-a1e0-efda9a77724c,4
6c962787-ce22-4e0b-89ce-7cf3c805432d,c0a924b2-4413-455e-b9a6-cd38488dce34,2
6c962787-ce22-4e0b-89ce-7cf3c805432d,25a5785a-bff4-40bc-bad8-9d5e9f1b8d13,2
6c962787-ce22-4e0b-89ce-7cf3c805432d,919d770e-bb07-43e2-830c-af0e68a46131,1
b0ccb9de-ad0e-43dd-ac33-1a5e51896714,1b0d9486-c97e-4f64-9267-b704df6c9dbf,1
b0ccb9de-ad0e-43dd-ac33-1a5e51896714,a006822e-1cc3-449d-a248-c3e25a9dd35d,3
b0ccb9de-ad0e-43dd-ac33-1a5e51896714,a8b85e9a-c3b8-4a0c-9f1a-7123143eab35,2
b0ccb9de-ad0e-43dd-ac33-1a5e51896714,dbf30547-bd5a-43dc-8759-f7ccc700c730,1
b0ccb9de-ad0e-43dd-ac33-1a5e51896714,d15d328d-e6b5-4ac8-8232-afce11642b62,3
d2eccc44-e54a-4c83-abe8-ac587e0b39e8,847251ef-0555-4e8b-af28-d1dd3c47023d,3
d2eccc44-e54a-4c83-abe8-ac587e0b39e8,25a5785a-bff4-40bc-bad8-9d5e9f1b8d13,2
d2eccc44-e54a-4c83-abe8-ac587e0b39e8,e8b6ad76-4498-4f03-90f2-48a8ba38e0cc,3
d2eccc44-e54a-4c83-abe8-ac587e0b39e8,18e80379-af5d-4c52-b5e1-df36483675d9,3
d2eccc44-e54a-4c83-abe8-ac587e0b39e8,652eff4b-0682-4297-8cd8-57af86af21ff,1
bd433c66-df23-44d7-8a6f-64a2f3a11990,d0c195f1-c634-4295-be83-abbea67000e8,1
e11eb426-0e80-4b92-a8b4-af39d153c446,bbedb7fd-23c7-4de5-bc93-42718546f25b,4
e11eb426-0e80-4b92-a8b4-af39d153c446,ef5cdbd9-4faf-4d13-a43e-84585a42a8fc,4
e11eb426-0e80-4b92-a8b4-af39d153c446,dc1c9f7c-0160-4f29-a6e7-79d15846ecc8,1
e11eb426-0e80-4b92-a8b4-af39d153c446,0c5e40da-9f86-458c-8513-e4a3fc28100c,4
e11eb426-0e80-4b92-a8b4-af39d153c446,3654c3e9-7f10-4c4a-ae39-6e9e1a21f463,1
e11eb426-0e80-4b92-a8b4-af39d153c446,95ea191d-4f66-47cb-aa05-692d94c5e27f,2
e11eb426-0e80-4b92-a8b4-af39d153c446,2f8178b7-9b62-42ab-acba-42691bb0fa1f,2
e11eb426-0e80-4b92-a8b4-af39d153c446,bbedb7fd-23c7-4de5-bc93-42718546f25b,1
e11eb426-0e80-4b92-a8b4-af39d153c446,ad355194-fb32-41a7-bb2f-24a12dfe626b,3
e11eb426-0e80-4b92-a8b4-af39d153c446,7ff20914-cf8c-46b8-bd51-c7a3fac5843f,1
5309f6ba-8427-498a-a8ed-0341dd5b62ee,f85a76d3-7e6d-498b-ad8b-451d841bde40,4
5309f6ba-8427-498a-a8ed-0341dd5b62ee,a47785eb-e02d-424a-9903-0c8e13352670,3
5309f6ba-8427-498a-a8ed-0341dd5b62ee,3bb377a6-fed6-4bf9-a367-257749bb00e0,4
5309f6ba-8427-498a-a8ed-0341dd5b62ee,c4b54d05-1605-4b56-befd-99e3cb179727,4
5309f6ba-8427-498a-a8ed-0341dd5b62ee,0aac9669-9512-42d6-be24-0c0612cdf777,2
5309f6ba-8427-498a-a8ed-0341dd5b62ee,cbb2a9b0-b9f2-4e04-ad0b-a85f2f040304,2
5309f6ba-8427-498a-a8ed-0341dd5b62ee,25a5785a-bff4-40bc-bad8-9d5e9f1b8d13,1
ecc2cd98-817f-4898-87df-1b82cdd49f05,3654c3e9-7f10-4c4a-ae39-6e9e1a21f463,4
a93988f4-5b0b-4f25-94c9-3eaa90302f84,4006a1cc-9ea0-4d78-abcd-8df62ac68505,3
a93988f4-5b0b-4f25-94c9-3eaa90302f84,eabec00e-2958-449e-a394-a46311144494,2
a93988f4-5b0b-4f25-94c9-3eaa90302f84,a78425ce-7263-444f-a6eb-d3b321c54837,2
a93988f4-5b0b-4f25-94c9-3eaa90302f84,96bc4148-f2ab-47db-968d-2f5fb3198251,1
a93988f4-5b0b-4f25-94c9-3eaa90302f84,dc1c9f7c-0160-4f29-a6e7-79d15846ecc8,1
a93988f4-5b0b-4f25-94c9-3eaa90302f84,f92d177e-67f4-4de0-b632-595b28873f6c,2
a93988f4-5b0b-4f25-94c9-3eaa90302f84,1b0d9486-c97e-4f64-9267-b704df6c9dbf,2
a93988f4-5b0b-4f25-94c9-3eaa90302f84,0aa74d4b-ada6-421d-854c-fd7f9df98cc8,2
a93988f4-5b0b-4f25-94c9-3eaa90302f84,14bf788b-edf0-4e7a-8f05-b48b653ed08a,1
a93988f4-5b0b-4f25-94c9-3eaa90302f84,69cd191f-a370-4368-8a0b-155ce1938e1d,3
890fea31-82de-4e95-8866-3a4334914ff5,06e18f41-9e0c-4614-8e67-6ed67a14ab34,3
890fea31-82de-4e95-8866-3a4334914ff5,b89da699-f18c-4bdd-ada3-5562805968b1,3
890fea31-82de-4e95-8866-3a4334914ff5,b89da699-f18c-4bdd-ada3-5562805968b1,3
890fea31-82de-4e95-8866-3a4334914ff5,d9f3608f-fa4a-4c89-a1e0-efda9a77724c,4
890fea31-82de-4e95-8866-3a4334914ff5,6753deca-b028-4fc7-b60e-25e3d5139c5c,3
890fea31-82de-4e95-8866-3a4334914ff5,0aac9669-9512-42d6-be24-0c0612cdf777,1
890fea31-82de-4e95-8866-3a4334914ff5,fa22c659-68fb-4beb-8d69-222f8df35aaf,2
890fea31-82de-4e95-8866-3a4334914ff5,388e220e-4ae0-4c9f-98a6-061921e81138,2
f6861722-0034-4551-980f-c62b31c5bef2,4426701b-3bc5-4ffc-9f49-2d2e70c7a52e,4
f6861722-0034-4551-980f-c62b31c5bef2,489c43f6-9759-4485-ab68-39434421d333,4
f6861722-0034-4551-980f-c62b31c5bef2,cc287d9c-d4ad-4437-b49a-e9e8a2d17dfd,4
f6861722-0034-4551-980f-c62b31c5bef2,4531645f-8c43-42d0-85b1-358aa341141d,2
f6861722-0034-4551-980f-c62b31c5bef2,66cd0c29-0d37-4fce-a43c-ed8629e88d50,4
f6861722-0034-4551-980f-c62b31c5bef2,275e0f96-4e8c-4f7d-9819-cd80b40c7336,4
f6861722-0034-4551-980f-c62b31c5bef2,69cd191f-a370-4368-8a0b-155ce1938e1d,1
97df7b48-25b2-458a-beb3-2f7ebccc0016,ad355194-fb32-41a7-bb2f-24a12dfe626b,3
97df7b48-25b2-458a-beb3-2f7ebccc0016,d9f3608f-fa4a-4c89-a1e0-efda9a77724c,2
97df7b48-25b2-458a-beb3-2f7ebccc0016,745f23ad-2526-4192-9621-9e80cfc367da,2
9e2ee18d-65a5-4803-9b1d-ff2abd59fdb7,388e220e-4ae0-4c9f-98a6-061921e81138,4
9e2ee18d-65a5-4803-9b1d-ff2abd59fdb7,101734fe-a357-4f6f-b680-a2e05ab79416,4
9e2ee18d-65a5-4803-9b1d-ff2abd59fdb7,102f7ab9-f368-4dbd-8ec8-0339b548fc47,1
4986997c-01a2-48c0-85ec-bd7597a4f793,b2967972-ee15-4cd3-9bb7-65bbb068be15,3
4986997c-01a2-48c0-85ec-bd7597a4f793,f798ffc5-b1d1-4c2e-b032-866b31fb6d19,1
4986997c-01a2-48c0-85ec-bd7597a4f793,336b9122-7452-4d15-9e0e-a0c4289e2e23,2
6ead9c0f-044a-4124-96ef-6f9915f42cd5,5c24ed10-962a-4a0e-95e1-c1da02daf171,1
6ead9c0f-044a-4124-96ef-6f9915f42cd5,69cd191f-a370-4368-8a0b-155ce1938e1d,2
6ead9c0f-044a-4124-96ef-6f9915f42cd5,0984ab2c-8d23-4222-9435-c191936b7eb3,2
6ead9c0f-044a-4124-96ef-6f9915f42cd5,33a2d180-c272-4e4e-95b2-36112674bb32,2
6ead9c0f-044a-4124-96ef-6f9915f42cd5,489c43f6-9759-4485-ab68-39434421d333,1
6ead9c0f-044a-4124-96ef-6f9915f42cd5,aee19085-9307-457a-9f75-d069962b3341,4
6ead9c0f-044a-4124-96ef-6f9915f42cd5,652eff4b-0682-4297-8cd8-57af86af21ff,4
c962057c-3450-4494-a201-2ed6c880fc53,ccbe0fa1-7478-4547-88f2-7bc3bce17fa2,3
c962057c-3450-4494-a201-2ed6c880fc53,3654c3e9-7f10-4c4a-ae39-6e9e1a21f463,3
c962057c-3450-4494-a201-2ed6c880fc53,1a397769-abfd-4077-ac2d-bc1d38c9c87f,1
c962057c-3450-4494-a201-2ed6c880fc53,54d2c29f-85e4-4053-85d0-12da4d5b16b7,4
c962057c-3450-4494-a201-2ed6c880fc53,b2967972-ee15-4cd3-9bb7-65bbb068be15,2
c962057c-3450-4494-a201-2ed6c880fc53,d974a4b5-1b2b-4668-9fec-9313c3ecd907,2
c962057c-3450-4494-a201-2ed6c880fc53,f85a76d3-7e6d-498b-ad8b-451d841bde40,3
433b7047-5844-4c81-9396-b6d92a785a83,e0345a31-d755-4c10-abc1-f181a9408c83,1
433b7047-5844-4c81-9396-b6d92a785a83,f63bdcd9-f1b5-41bd-ae4f-e5eb1fa7cbda,1
446fd082-3223-45ca-b291-86e6ae1236fd,8081d927-d84d-4f2f-bf1f-0908a70e7daf,3
446fd082-3223-45ca-b291-86e6ae1236fd,33a2d180-c272-4e4e-95b2-36112674bb32,2
446fd082-3223-45ca-b291-86e6ae1236fd,336b9122-7452-4d15-9e0e-a0c4289e2e23,2
446fd082-3223-45ca-b291-86e6ae1236fd,c0136712-7509-4151-b65f-887dbf7ec7fa,3
446fd082-3223-45ca-b291-86e6ae1236fd,f92d177e-67f4-4de0-b632-595b28873f6c,3
446fd082-3223-45ca-b291-86e6ae1236fd,e8b6ad76-4498-4f03-90f2-48a8ba38e0cc,3
a1c954c0-863e-43b9-bafd-4502aca1e39f,0c5e40da-9f86-458c-8513-e4a3fc28100c,3
a1c954c0-863e-43b9-bafd-4502aca1e39f,66cd0c29-0d37-4fce-a43c-ed8629e88d50,4
a1c954c0-863e-43b9-bafd-4502aca1e39f,a006822e-1cc3-449d-a248-c3e25a9dd35d,2
a1c954c0-863e-43b9-bafd-4502aca1e39f,a8b85e9a-c3b8-4a0c-9f1a-7123143eab35,1
9f77bafe-cfe2-40d6-8659-b23d6aa33be9,d9f3608f-fa4a-4c89-a1e0-efda9a77724c,1
9f77bafe-cfe2-40d6-8659-b23d6aa33be9,a47785eb-e02d-424a-9903-0c8e13352670,1
9f77bafe-cfe2-40d6-8659-b23d6aa33be9,69cd191f-a370-4368-8a0b-155ce1938e1d,4
21520f98-2ba8-4f38-9c8f-0d0a852f10df,1a397769-abfd-4077-ac2d-bc1d38c9c87f,4
9dbcb29b-6464-4ebf-90d4-d78f041e4053,388e220e-4ae0-4c9f-98a6-061921e81138,4
9dbcb29b-6464-4ebf-90d4-d78f041e4053,4531645f-8c43-42d0-85b1-358aa341141d,3
9dbcb29b-6464-4ebf-90d4-d78f041e4053,ad355194-fb32-41a7-bb2f-24a12dfe626b,3
9dbcb29b-6464-4ebf-90d4-d78f041e4053,f85a76d3-7e6d-498b-ad8b-451d841bde40,2
9dbcb29b-6464-4ebf-90d4-d78f041e4053,ef5cdbd9-4faf-4d13-a43e-84585a42a8fc,3
9dbcb29b-6464-4ebf-90d4-d78f041e4053,8081d927-d84d-4f2f-bf1f-0908a70e7daf,4
9dbcb29b-6464-4ebf-90d4-d78f041e4053,cbb2a9b0-b9f2-4e04-ad0b-a85f2f040304,2
9dbcb29b-6464-4ebf-90d4-d78f041e4053,336b9122-7452-4d15-9e0e-a0c4289e2e23,1
9dbcb29b-6464-4ebf-90d4-d78f041e4053,0dbc86f0-1d19-47b7-a218-1efccf1917c2,2
9dbcb29b-6464-4ebf-90d4-d78f041e4053,d15d328d-e6b5-4ac8-8232-afce11642b62,2
c8c97371-0cbf-4b03-a7c1-07a263e91ead,1b0d9486-c97e-4f64-9267-b704df6c9dbf,1
c8c97371-0cbf-4b03-a7c1-07a263e91ead,0dbc86f0-1d19-47b7-a218-1efccf1917c2,3
07bccc32-b19b-4e63-a03f-22c1c6675a25,5c24ed10-962a-4a0e-95e1-c1da02daf171,3
5248861f-d222-489d-9d3f-4ad9d06e6b5c,275e0f96-4e8c-4f7d-9819-cd80b40c7336,3
5248861f-d222-489d-9d3f-4ad9d06e6b5c,95ea191d-4f66-47cb-aa05-692d94c5e27f,2
5248861f-d222-489d-9d3f-4ad9d06e6b5c,69cd191f-a370-4368-8a0b-155ce1938e1d,3
5248861f-d222-489d-9d3f-4ad9d06e6b5c,6a7c1826-0e1a-4756-baad-83f807b692a8,2
5248861f-d222-489d-9d3f-4ad9d06e6b5c,cbb2a9b0-b9f2-4e04-ad0b-a85f2f040304,4
5248861f-d222-489d-9d3f-4ad9d06e6b5c,5e81a406-ab92-4a73-9397-4e3b4f689b7f,4
5248861f-d222-489d-9d3f-4ad9d06e6b5c,489c43f6-9759-4485-ab68-39434421d333,4
5248861f-d222-489d-9d3f-4ad9d06e6b5c,ccbe0fa1-7478-4547-88f2-7bc3bce17fa2,4
5248861f-d222-489d-9d3f-4ad9d06e6b5c,3090cf53-fcc1-4b88-8724-7204dd475da2,1
5248861f-d222-489d-9d3f-4ad9d06e6b5c,795444e3-3c57-4580-aafd-e5fed373e9c7,3
ca9358bf-1f17-436c-9da2-847aee0b3363,14bf788b-edf0-4e7a-8f05-b48b653ed08a,2
ca9358bf-1f17-436c-9da2-847aee0b3363,ef5cdbd9-4faf-4d13-a43e-84585a42a8fc,3
ca9358bf-1f17-436c-9da2-847aee0b3363,b89da699-f18c-4bdd-ada3-5562805968b1,1
ca9358bf-1f17-436c-9da2-847aee0b3363,847251ef-0555-4e8b-af28-d1dd3c47023d,3
ca9358bf-1f17-436c-9da2-847aee0b3363,795444e3-3c57-4580-aafd-e5fed373e9c7,1
ca9358bf-1f17-436c-9da2-847aee0b3363,101734fe-a357-4f6f-b680-a2e05ab79416,1
ca9358bf-1f17-436c-9da2-847aee0b3363,aee19085-9307-457a-9f75-d069962b3341,3
ca9358bf-1f17-436c-9da2-847aee0b3363,d15d328d-e6b5-4ac8-8232-afce11642b62,3
ca9358bf-1f17-436c-9da2-847aee0b3363,bb502651-2be7-461b-89db-3eba4571f1cc,1
ed00f658-50b9-4aca-882b-20f99c6503b7,d15d328d-e6b5-4ac8-8232-afce11642b62,3
ed00f658-50b9-4aca-882b-20f99c6503b7,82a98706-0438-4686-94ea-947a59e93919,3
ed00f658-50b9-4aca-882b-20f99c6503b7,d9f3608f-fa4a-4c89-a1e0-efda9a77724c,1
ed00f658-50b9-4aca-882b-20f99c6503b7,f92d177e-67f4-4de0-b632-595b28873f6c,2
ed00f658-50b9-4aca-882b-20f99c6503b7,c0a924b2-4413-455e-b9a6-cd38488dce34,2
a86d7e7c-3612-4168-b881-56ace0ee52f0,5e81a406-ab92-4a73-9397-4e3b4f689b7f,2
a86d7e7c-3612-4168-b881-56ace0ee52f0,3bb377a6-fed6-4bf9-a367-257749bb00e0,2
a86d7e7c-3612-4168-b881-56ace0ee52f0,919d770e-bb07-43e2-830c-af0e68a46131,3
a86d7e7c-3612-4168-b881-56ace0ee52f0,a8b85e9a-c3b8-4a0c-9f1a-7123143eab35,4
a86d7e7c-3612-4168-b881-56ace0ee52f0,ca06c49b-7e56-472e-9b44-66eb23c78c0f,1
a86d7e7c-3612-4168-b881-56ace0ee52f0,5c24ed10-962a-4a0e-95e1-c1da02daf171,1
a86d7e7c-3612-4168-b881-56ace0ee52f0,847251ef-0555-4e8b-af28-d1dd3c47023d,3
a86d7e7c-3612-4168-b881-56ace0ee52f0,c0136712-7509-4151-b65f-887dbf7ec7fa,4
4abcbe95-435b-4810-8ede-405cf9c99a46,9f938e81-7d27-45cd-b9c2-e121cc360edf,2
4abcbe95-435b-4810-8ede-405cf9c99a46,a78425ce-7263-444f-a6eb-d3b321c54837,1
4abcbe95-435b-4810-8ede-405cf9c99a46,bbedb7fd-23c7-4de5-bc93-42718546f25b,1
4abcbe95-435b-4810-8ede-405cf9c99a46,ca06c49b-7e56-472e-9b44-66eb23c78c0f,1
4abcbe95-435b-4810-8ede-405cf9c99a46,eabec00e-2958-449e-a394-a46311144494,3
4abcbe95-435b-4810-8ede-405cf9c99a46,652eff4b-0682-4297-8cd8-57af86af21ff,3
4abcbe95-435b-4810-8ede-405cf9c99a46,d9f3608f-fa4a-4c89-a1e0-efda9a77724c,2
4abcbe95-435b-4810-8ede-405cf9c99a46,a78425ce-7263-444f-a6eb-d3b321c54837,1
4e098485-a411-4745-b684-aa4970601993,a93da88d-0c57-45a7-9a5d-1664aa2a47d1,1
4e098485-a411-4745-b684-aa4970601993,96bc4148-f2ab-47db-968d-2f5fb3198251,2
4e098485-a411-4745-b684-aa4970601993,33a2d180-c272-4e4e-95b2-36112674bb32,3
4e098485-a411-4745-b684-aa4970601993,1b0d9486-c97e-4f64-9267-b704df6c9dbf,4
4e098485-a411-4745-b684-aa4970601993,0aac9669-9512-42d6-be24-0c0612cdf777,4
4e098485-a411-4745-b684-aa4970601993,336b9122-7452-4d15-9e0e-a0c4289e2e23,4
4e098485-a411-4745-b684-aa4970601993,2f8178b7-9b62-42ab-acba-42691bb0fa1f,4
4e098485-a411-4745-b684-aa4970601993,d824052e-2727-4957-beba-7a991280a7be,3
9b9ce4d1-61a4-4002-97c6-3cafe388635e,aee19085-9307-457a-9f75-d069962b3341,3
9b9ce4d1-61a4-4002-97c6-3cafe388635e,f63bdcd9-f1b5-41bd-ae4f-e5eb1fa7cbda,3
9b9ce4d1-61a4-4002-97c6-3cafe388635e,69cd191f-a370-4368-8a0b-155ce1938e1d,2
9b9ce4d1-61a4-4002-97c6-3cafe388635e,69cd191f-a370-4368-8a0b-155ce1938e1d,2
9b9ce4d1-61a4-4002-97c6-3cafe388635e,ccbe0fa1-7478-4547-88f2-7bc3bce17fa2,3
968d2464-d716-4af2-9524-9741b0a7d47b,bb502651-2be7-461b-89db-3eba4571f1cc,4
968d2464-d716-4af2-9524-9741b0a7d47b,c4b54d05-1605-4b56-befd-99e3cb179727,1
968d2464-d716-4af2-9524-9741b0a7d47b,f4522ca6-8357-482c-8423-1861d44580aa,2
968d2464-d716-4af2-9524-9741b0a7d47b,3090cf53-fcc1-4b88-8724-7204dd475da2,2
968d2464-d716-4af2-9524-9741b0a7d47b,0c5e40da-9f86-458c-8513-e4a3fc28100c,3
968d2464-d716-4af2-9524-9741b0a7d47b,3bb377a6-fed6-4bf9-a367-257749bb00e0,2
968d2464-d716-4af2-9524-9741b0a7d47b,dbf30547-bd5a-43dc-8759-f7ccc700c730,1
968d2464-d716-4af2-9524-9741b0a7d47b,c0a924b2-4413-455e-b9a6-cd38488dce34,1
968d2464-d716-4af2-9524-9741b0a7d47b,cc287d9c-d4ad-4437-b49a-e9e8a2d17dfd,3
968d2464-d716-4af2-9524-9741b0a7d47b,102f7ab9-f368-4dbd-8ec8-0339b548fc47,2
e0a5dbc9-8686-45f1-97ca-74502e60a75d,95ea191d-4f66-47cb-aa05-692d94c5e27f,4
e0a5dbc9-8686-45f1-97ca-74502e60a75d,c0136712-7509-4151-b65f-887dbf7ec7fa,3
e0a5dbc9-8686-45f1-97ca-74502e60a75d,0c5e40da-9f86-458c-8513-e4a3fc28100c,1
f9bf6592-58d8-49d2-a9ef-8c0486667b75,e5a21b5c-53d4-467c-9d53-375006f37e6f,2
f9bf6592-58d8-49d2-a9ef-8c0486667b75,33a2d180-c272-4e4e-95b2-36112674bb32,4
f9bf6592-58d8-49d2-a9ef-8c0486667b75,ccbe0fa1-7478-4547-88f2-7bc3bce17fa2,4
f9bf6592-58d8-49d2-a9ef-8c0486667b75,479808b7-d0d4-400f-8261-5d0b162e3a88,3
f9bf6592-58d8-49d2-a9ef-8c0486667b75,d824052e-2727-4957-beba-7a991280a7be,4
f9bf6592-58d8-49d2-a9ef-8c0486667b75,d0c195f1-c634-4295-be83-abbea67000e8,4
f9bf6592-58d8-49d2-a9ef-8c0486667b75,d974a4b5-1b2b-4668-9fec-9313c3ecd907,4
f9bf6592-58d8-49d2-a9ef-8c0486667b75,d9f3608f-fa4a-4c89-a1e0-efda9a77724c,4
f9bf6592-58d8-49d2-a9ef-8c0486667b75,dbf30547-bd5a-43dc-8759-f7ccc700c730,2
5c3ab22c-0fb7-48e0-8a02-3843b79d7d85,b89da699-f18c-4bdd-ada3-5562805968b1,2
5c3ab22c-0fb7-48e0-8a02-3843b79d7d85,f798ffc5-b1d1-4c2e-b032-866b31fb6d19,4
5c3ab22c-0fb7-48e0-8a02-3843b79d7d85,cbb2a9b0-b9f2-4e04-ad0b-a85f2f040304,2
f502241c-3eb8-4e3f-9d9d-936b3be959a2,bb502651-2be7-461b-89db-3eba4571f1cc,3
f502241c-3eb8-4e3f-9d9d-936b3be959a2,ca06c49b-7e56-472e-9b44-66eb23c78c0f,2
f502241c-3eb8-4e3f-9d9d-936b3be959a2,3090cf53-fcc1-4b88-8724-7204dd475da2,4
f502241c-3eb8-4e3f-9d9d-936b3be959a2,0984ab2c-8d23-4222-9435-c191936b7eb3,1
f502241c-3eb8-4e3f-9d9d-936b3be959a2,c4b54d05-1605-4b56-befd-99e3cb179727,2
f502241c-3eb8-4e3f-9d9d-936b3be959a2,f167c024-e660-4b35-93f2-d05c2bf64e21,2
f502241c-3eb8-4e3f-9d9d-936b3be959a2,dc1c9f7c-0160-4f29-a6e7-79d15846ecc8,3
f502241c-3eb8-4e3f-9d9d-936b3be959a2,652eff4b-0682-4297-8cd8-57af86af21ff,3
f502241c-3eb8-4e3f-9d9d-936b3be959a2,6a7c1826-0e1a-4756-baad-83f807b692a8,1
f502241c-3eb8-4e3f-9d9d-936b3be959a2,9f938e81-7d27-45cd-b9c2-e121cc360edf,1
955b34a3-1f2b-4c76-80fb-d18a6466f16a,652eff4b-0682-4297-8cd8-57af86af21ff,3
955b34a3-1f2b-4c76-80fb-d18a6466f16a,2f8178b7-9b62-42ab-acba-42691bb0fa1f,2
955b34a3-1f2b-4c76-80fb-d18a6466f16a,f4522ca6-8357-482c-8423-1861d44580aa,4
955b34a3-1f2b-4c76-80fb-d18a6466f16a,66cd0c29-0d37-4fce-a43c-ed8629e88d50,2
955b34a3-1f2b-4c76-80fb-d18a6466f16a,29c24de1-a04c-4843-8aae-34cfa93f42ff,1
955b34a3-1f2b-4c76-80fb-d18a6466f16a,f63bdcd9-f1b5-41bd-ae4f-e5eb1fa7cbda,4
955b34a3-1f2b-4c76-80fb-d18a6466f16a,c4b54d05-1605-4b56-befd-99e3cb179727,4
955b34a3-1f2b-4c76-80fb-d18a6466f16a,f63bdcd9-f1b5-41bd-ae4f-e5eb1fa7cbda,2
a7f975ed-726e-4123-b741-0935395ae99e,c0a924b2-4413-455e-b9a6-cd38488dce34,3
a7f975ed-726e-4123-b741-0935395ae99e,b4d5eb1e-3e4d-4077-8203-eb84b47e68fb,1
a7f975ed-726e-4123-b741-0935395ae99e,919d770e-bb07-43e2-830c-af0e68a46131,2
a7f975ed-726e-4123-b741-0935395ae99e,d0c195f1-c634-4295-be83-abbea67000e8,3
a7f975ed-726e-4123-b741-0935395ae99e,a78425ce-7263-444f-a6eb-d3b321c54837,2
a7f975ed-726e-4123-b741-0935395ae99e,102f7ab9-f368-4dbd-8ec8-0339b548fc47,4
a7f975ed-726e-4123-b741-0935395ae99e,ca06c49b-7e56-472e-9b44-66eb23c78c0f,4
a7f975ed-726e-4123-b741-0935395ae99e,2f8178b7-9b62-42ab-acba-42691bb0fa1f,1
a7f975ed-726e-4123-b741-0935395ae99e,d974a4b5-1b2b-4668-9fec-9313c3ecd907,3
a17360a0-999c-4e53-97e8-89635999f11d,0aac9669-9512-42d6-be24-0c0612cdf777,3
a17360a0-999c-4e53-97e8-89635999f11d,b5390533-6b2d-45eb-a9cf-d9eb78930820,4
a17360a0-999c-4e53-97e8-89635999f11d,d824052e-2727-4957-beba-7a991280a7be,3
ef51df5b-d2e7-416d-9f24-ab59b3f9e57e,bb502651-2be7-461b-89db-3eba4571f1cc,4
ef51df5b-d2e7-416d-9f24-ab59b3f9e57e,4006a1cc-9ea0-4d78-abcd-8df62ac68505,3
ef51df5b-d2e7-416d-9f24-ab59b3f9e57e,847251ef-0555-4e8b-af28-d1dd3c47023d,1
ef51df5b-d2e7-416d-9f24-ab59b3f9e57e,388e220e-4ae0-4c9f-98a6-061921e81138,3
cfd40512-7565-4f24-a6a2-1def8573c643,b5214d37-4174-44ba-b262-6f81a2f93dee,3
5b30f7ee-e91f-4aed-9ff9-ffb838c20792,dc1c9f7c-0160-4f29-a6e7-79d15846ecc8,2
5b30f7ee-e91f-4aed-9ff9-ffb838c20792,1a397769-abfd-4077-ac2d-bc1d38c9c87f,1
5b30f7ee-e91f-4aed-9ff9-ffb838c20792,06e18f41-9e0c-4614-8e67-6ed67a14ab34,1
5b30f7ee-e91f-4aed-9ff9-ffb838c20792,b5214d37-4174-44ba-b262-6f81a2f93dee,1
5b30f7ee-e91f-4aed-9ff9-ffb838c20792,d9f3608f-fa4a-4c89-a1e0-efda9a77724c,2
5b30f7ee-e91f-4aed-9ff9-ffb838c20792,f798ffc5-b1d1-4c2e-b032-866b31fb6d19,1
cd8db44f-80a2-44dc-be4a-bda384528d60,2f8178b7-9b62-42ab-acba-42691bb0fa1f,3
cd8db44f-80a2-44dc-be4a-bda384528d60,479808b7-d0d4-400f-8261-5d0b162e3a88,4
cd8db44f-80a2-44dc-be4a-bda384528d60,aee19085-9307-457a-9f75-d069962b3341,1
cd8db44f-80a2-44dc-be4a-bda384528d60,d15d328d-e6b5-4ac8-8232-afce11642b62,3
cd8db44f-80a2-44dc-be4a-bda384528d60,d974a4b5-1b2b-4668-9fec-9313c3ecd907,2
cd8db44f-80a2-44dc-be4a-bda384528d60,bb502651-2be7-461b-89db-3eba4571f1cc,1
ad18ad86-4162-4483-b98d-b90586e13132,388e220e-4ae0-4c9f-98a6-061921e81138,1
ad18ad86-4162-4483-b98d-b90586e13132,f798ffc5-b1d1-4c2e-b032-866b31fb6d19,3
ad18ad86-4162-4483-b98d-b90586e13132,4531645f-8c43-42d0-85b1-358aa341141d,1
ad18ad86-4162-4483-b98d-b90586e13132,9f938e81-7d27-45cd-b9c2-e121cc360edf,2
ad18ad86-4162-4483-b98d-b90586e13132,54d2c29f-85e4-4053-85d0-12da4d5b16b7,2
ad18ad86-4162-4483-b98d-b90586e13132,06e18f41-9e0c-4614-8e67-6ed67a14ab34,2
ad18ad86-4162-4483-b98d-b90586e13132,e0345a31-d755-4c10-abc1-f181a9408c83,4
ad18ad86-4162-4483-b98d-b90586e13132,847251ef-0555-4e8b-af28-d1dd3c47023d,1
db5abba9-aa39-4ea3-9e25-86c5f742390d,ef5cdbd9-4faf-4d13-a43e-84585a42a8fc,3
db5abba9-aa39-4ea3-9e25-86c5f742390d,f798ffc5-b1d1-4c2e-b032-866b31fb6d19,1
db5abba9-aa39-4ea3-9e25-86c5f742390d,d15d328d-e6b5-4ac8-8232-afce11642b62,3
db5abba9-aa39-4ea3-9e25-86c5f742390d,a78425ce-7263-444f-a6eb-d3b321c54837,3
db5abba9-aa39-4ea3-9e25-86c5f742390d,a8b85e9a-c3b8-4a0c-9f1a-7123143eab35,3
db5abba9-aa39-4ea3-9e25-86c5f742390d,33a2d180-c272-4e4e-95b2-36112674bb32,3
db5abba9-aa39-4ea3-9e25-86c5f742390d,ccbe0fa1-7478-4547-88f2-7bc3bce17fa2,2
db5abba9-aa39-4ea3-9e25-86c5f742390d,0c5e40da-9f86-458c-8513-e4a3fc28100c,3
c267dcf3-4fd3-4a11-b8c2-88a1a384c5eb,96bc4148-f2ab-47db-968d-2f5fb3198251,4
c267dcf3-4fd3-4a11-b8c2-88a1a384c5eb,b2967972-ee15-4cd3-9bb7-65bbb068be15,2
c267dcf3-4fd3-4a11-b8c2-88a1a384c5eb,6a7c1826-0e1a-4756-baad-83f807b692a8,4
c267dcf3-4fd3-4a11-b8c2-88a1a384c5eb,82a98706-0438-4686-94ea-947a59e93919,1
c267dcf3-4fd3-4a11-b8c2-88a1a384c5eb,14bf788b-edf0-4e7a-8f05-b48b653ed08a,4
c267dcf3-4fd3-4a11-b8c2-88a1a384c5eb,b2967972-ee15-4cd3-9bb7-65bbb068be15,4
c267dcf3-4fd3-4a11-b8c2-88a1a384c5eb,a006822e-1cc3-449d-a248-c3e25a9dd35d,4
c267dcf3-4fd3-4a11-b8c2-88a1a384c5eb,795444e3-3c57-4580-aafd-e5fed373e9c7,1
40689673-9652-43f0-868b-6d73da6579da,a006822e-1cc3-449d-a248-c3e25a9dd35d,2
40689673-9652-43f0-868b-6d73da6579da,d0c195f1-c634-4295-be83-abbea67000e8,3
40689673-9652-43f0-868b-6d73da6579da,0984ab2c-8d23-4222-9435-c191936b7eb3,4
40689673-9652-43f0-868b-6d73da6579da,a006822e-1cc3-449d-a248-c3e25a9dd35d,4
824138dc-55e5-4da0-afd1-cb47342e1a0f,06e18f41-9e0c-4614-8e67-6ed67a14ab34,4
824138dc-55e5-4da0-afd1-cb47342e1a0f,b5214d37-4174-44ba-b262-6f81a2f93dee,2
824138dc-55e5-4da0-afd1-cb47342e1a0f,336b9122-7452-4d15-9e0e-a0c4289e2e23,1
824138dc-55e5-4da0-afd1-cb47342e1a0f,29c24de1-a04c-4843-8aae-34cfa93f42ff,2
824138dc-55e5-4da0-afd1-cb47342e1a0f,4a87f572-0a52-44eb-9f11-3f468b9c7447,4
824138dc-55e5-4da0-afd1-cb47342e1a0f,f63bdcd9-f1b5-41bd-ae4f-e5eb1fa7cbda,2
824138dc-55e5-4da0-afd1-cb47342e1a0f,96bc4148-f2ab-47db-968d-2f5fb3198251,2
824138dc-55e5-4da0-afd1-cb47342e1a0f,4426701b-3bc5-4ffc-9f49-2d2e70c7a52e,3
b78e0e66-90b0-4494-9ae3-264f8a53bc08,d0c195f1-c634-4295-be83-abbea67000e8,1
b78e0e66-90b0-4494-9ae3-264f8a53bc08,e5a21b5c-53d4-467c-9d53-375006f37e6f,1
b78e0e66-90b0-4494-9ae3-264f8a53bc08,d824052e-2727-4957-beba-7a991280a7be,3
b78e0e66-90b0-4494-9ae3-264f8a53bc08,96bc4148-f2ab-47db-968d-2f5fb3198251,3
b78e0e66-90b0-4494-9ae3-264f8a53bc08,f615b4af-f0f8-4d78-9394-ff0d7ea3ad34,4
b78e0e66-90b0-4494-9ae3-264f8a53bc08,d9f3608f-fa4a-4c89-a1e0-efda9a77724c,3
b78e0e66-90b0-4494-9ae3-264f8a53bc08,a96a0c9e-1018-49ff-901b-15eb7d87af06,4
b78e0e66-90b0-4494-9ae3-264f8a53bc08,336b9122-7452-4d15-9e0e-a0c4289e2e23,3
c18ef656-8d68-4e75-bedb-12d28407f6d7,1b0d9486-c97e-4f64-9267-b704df6c9dbf,4
c18ef656-8d68-4e75-bedb-12d28407f6d7,f167c024-e660-4b35-93f2-d05c2bf64e21,2
c18ef656-8d68-4e75-bedb-12d28407f6d7,a8b85e9a-c3b8-4a0c-9f1a-7123143eab35,2
72ca1215-b605-4bd9-b8b8-6ddd15d375c8,b89da699-f18c-4bdd-ada3-5562805968b1,3
72ca1215-b605-4bd9-b8b8-6ddd15d375c8,a96a0c9e-1018-49ff-901b-15eb7d87af06,1
72ca1215-b605-4bd9-b8b8-6ddd15d375c8,14bf788b-edf0-4e7a-8f05-b48b653ed08a,2
72ca1215-b605-4bd9-b8b8-6ddd15d375c8,1b0d9486-c97e-4f64-9267-b704df6c9dbf,2
72ca1215-b605-4bd9-b8b8-6ddd15d375c8,b2967972-ee15-4cd3-9bb7-65bbb068be15,4
72ca1215-b605-4bd9-b8b8-6ddd15d375c8,4a87f572-0a52-44eb-9f11-3f468b9c7447,3
834a0e20-a3de-4e86-9a4e-eb55d759947c,229cc4b4-03aa-44c5-b17c-8d7687cfe3a6,3
834a0e20-a3de-4e86-9a4e-eb55d759947c,c0a924b2-4413-455e-b9a6-cd38488dce34,4
834a0e20-a3de-4e86-9a4e-eb55d759947c,9f938e81-7d27-45cd-b9c2-e121cc360edf,2
834a0e20-a3de-4e86-9a4e-eb55d759947c,b5390533-6b2d-45eb-a9cf-d9eb78930820,2
834a0e20-a3de-4e86-9a4e-eb55d759947c,6a7c1826-0e1a-4756-baad-83f807b692a8,2
834a0e20-a3de-4e86-9a4e-eb55d759947c,6753deca-b028-4fc7-b60e-25e3d5139c5c,1
834a0e20-a3de-4e86-9a4e-eb55d759947c,cbb2a9b0-b9f2-4e04-ad0b-a85f2f040304,2
834a0e20-a3de-4e86-9a4e-eb55d759947c,cc287d9c-d4ad-4437-b49a-e9e8a2d17dfd,4
834a0e20-a3de-4e86-9a4e-eb55d759947c,fa22c659-68fb-4beb-8d69-222f8df35aaf,2
834a0e20-a3de-4e86-9a4e-eb55d759947c,82a98706-0438-4686-94ea-947a59e93919,3
b5174c9f-9d98-4fe3-8772-7437d09a09ce,dbf30547-bd5a-43dc-8759-f7ccc700c730,1
b5174c9f-9d98-4fe3-8772-7437d09a09ce,f92d177e-67f4-4de0-b632-595b28873f6c,2
b5174c9f-9d98-4fe3-8772-7437d09a09ce,232b49c7-74e2-4261-a3e8-d0569e5ed2b2,3
e5599e4a-ec83-4a9f-9a3a-cdc30a3caf39,82a98706-0438-4686-94ea-947a59e93919,1
e5599e4a-ec83-4a9f-9a3a-cdc30a3caf39,82a98706-0438-4686-94ea-947a59e93919,4
e5599e4a-ec83-4a9f-9a3a-cdc30a3caf39,229cc4b4-03aa-44c5-b17c-8d7687cfe3a6,3
e5599e4a-ec83-4a9f-9a3a-cdc30a3caf39,c4b54d05-1605-4b56-befd-99e3cb179727,1
e5599e4a-ec83-4a9f-9a3a-cdc30a3caf39,a8b85e9a-c3b8-4a0c-9f1a-7123143eab35,2
2e9edb0a-e077-476a-af28-6e3d57c25384,95ea191d-4f66-47cb-aa05-692d94c5e27f,3
2e9edb0a-e077-476a-af28-6e3d57c25384,5e81a406-ab92-4a73-9397-4e3b4f689b7f,3
2e9edb0a-e077-476a-af28-6e3d57c25384,0984ab2c-8d23-4222-9435-c191936b7eb3,2
2e9edb0a-e077-476a-af28-6e3d57c25384,f615b4af-f0f8-4d78-9394-ff0d7ea3ad34,4
2e9edb0a-e077-476a-af28-6e3d57c25384,275e0f96-4e8c-4f7d-9819-cd80b40c7336,2
2e9edb0a-e077-476a-af28-6e3d57c25384,c0136712-7509-4151-b65f-887dbf7ec7fa,1
5d7675cf-fb0a-44f6-b7ae-b560e179e4db,ad355194-fb32-41a7-bb2f-24a12dfe626b,4
5d7675cf-fb0a-44f6-b7ae-b560e179e4db,29c24de1-a04c-4843-8aae-34cfa93f42ff,4
5d7675cf-fb0a-44f6-b7ae-b560e179e4db,cbb2a9b0-b9f2-4e04-ad0b-a85f2f040304,4
5d7675cf-fb0a-44f6-b7ae-b560e179e4db,4a87f572-0a52-44eb-9f11-3f468b9c7447,4
5d7675cf-fb0a-44f6-b7ae-b560e179e4db,b2967972-ee15-4cd3-9bb7-65bbb068be15,2
5d7675cf-fb0a-44f6-b7ae-b560e179e4db,e52dd3be-8768-4e07-8b81-9988de878313,3
5fe9c466-b28a-43e8-90e7-7cc391b738f7,795444e3-3c57-4580-aafd-e5fed373e9c7,2
5fe9c466-b28a-43e8-90e7-7cc391b738f7,54d2c29f-85e4-4053-85d0-12da4d5b16b7,4
5fe9c466-b28a-43e8-90e7-7cc391b738f7,9f938e81-7d27-45cd-b9c2-e121cc360edf,1
5fe9c466-b28a-43e8-90e7-7cc391b738f7,b89da699-f18c-4bdd-ada3-5562805968b1,2
5fe9c466-b28a-43e8-90e7-7cc391b738f7,aee19085-9307-457a-9f75-d069962b3341,4
5fe9c466-b28a-43e8-90e7-7cc391b738f7,1a397769-abfd-4077-ac2d-bc1d38c9c87f,3
5fe9c466-b28a-43e8-90e7-7cc391b738f7,3654c3e9-7f10-4c4a-ae39-6e9e1a21f463,4
5fe9c466-b28a-43e8-90e7-7cc391b738f7,745f23ad-2526-4192-9621-9e80cfc367da,2
90d81d76-310e-464d-b5ff-f20601a7ae52,f85a76d3-7e6d-498b-ad8b-451d841bde40,4
90d81d76-310e-464d-b5ff-f20601a7ae52,ef5cdbd9-4faf-4d13-a43e-84585a42a8fc,2
90d81d76-310e-464d-b5ff-f20601a7ae52,745f23ad-2526-4192-9621-9e80cfc367da,3
90d81d76-310e-464d-b5ff-f20601a7ae52,dc1c9f7c-0160-4f29-a6e7-79d15846ecc8,4
90d81d76-310e-464d-b5ff-f20601a7ae52,f4522ca6-8357-482c-8423-1861d44580aa,1
90d81d76-310e-464d-b5ff-f20601a7ae52,a47785eb-e02d-424a-9903-0c8e13352670,2
90d81d76-310e-464d-b5ff-f20601a7ae52,b5390533-6b2d-45eb-a9cf-d9eb78930820,2
90d81d76-310e-464d-b5ff-f20601a7ae52,9f938e81-7d27-45cd-b9c2-e121cc360edf,4
90d81d76-310e-464d-b5ff-f20601a7ae52,cc287d9c-d4ad-4437-b49a-e9e8a2d17dfd,3
90d81d76-310e-464d-b5ff-f20601a7ae52,d15d328d-e6b5-4ac8-8232-afce11642b62,1
8046bef6-1a46-489e-b634-7610ba6ad59c,388e220e-4ae0-4c9f-98a6-061921e81138,2
2f7867b4-a786-4a19-b713-09bbfd872a3d,96bc4148-f2ab-47db-968d-2f5fb3198251,3
2f7867b4-a786-4a19-b713-09bbfd872a3d,cc287d9c-d4ad-4437-b49a-e9e8a2d17dfd,1
2f7867b4-a786-4a19-b713-09bbfd872a3d,745f23ad-2526-4192-9621-9e80cfc367da,2
2f7867b4-a786-4a19-b713-09bbfd872a3d,9f938e81-7d27-45cd-b9c2-e121cc360edf,4
2f7867b4-a786-4a19-b713-09bbfd872a3d,336b9122-7452-4d15-9e0e-a0c4289e2e23,3
4bc1d931-2e33-4283-a46c-800cabe5109c,f167c024-e660-4b35-93f2-d05c2bf64e21,2
4bc1d931-2e33-4283-a46c-800cabe5109c,ccbe0fa1-7478-4547-88f2-7bc3bce17fa2,2
4bc1d931-2e33-4283-a46c-800cabe5109c,e52dd3be-8768-4e07-8b81-9988de878313,3
4bc1d931-2e33-4283-a46c-800cabe5109c,d974a4b5-1b2b-4668-9fec-9313c3ecd907,3
4bc1d931-2e33-4283-a46c-800cabe5109c,a78425ce-7263-444f-a6eb-d3b321c54837,2
4bc1d931-2e33-4283-a46c-800cabe5109c,9f938e81-7d27-45cd-b9c2-e121cc360edf,4
4bc1d931-2e33-4283-a46c-800cabe5109c,14bf788b-edf0-4e7a-8f05-b48b653ed08a,1
4bc1d931-2e33-4283-a46c-800cabe5109c,229cc4b4-03aa-44c5-b17c-8d7687cfe3a6,2
4bc1d931-2e33-4283-a46c-800cabe5109c,232b49c7-74e2-4261-a3e8-d0569e5ed2b2,1
f8b225e7-e14c-4aca-8055-00f90aa01c06,69cd191f-a370-4368-8a0b-155ce1938e1d,3
f8b225e7-e14c-4aca-8055-00f90aa01c06,e8b6ad76-4498-4f03-90f2-48a8ba38e0cc,2
f8b225e7-e14c-4aca-8055-00f90aa01c06,d9f3608f-fa4a-4c89-a1e0-efda9a77724c,4
3d00183c-ac4c-407e-9987-adaeb4c8117f,d824052e-2727-4957-beba-7a991280a7be,3
3d00183c-ac4c-407e-9987-adaeb4c8117f,479808b7-d0d4-400f-8261-5d0b162e3a88,3
3d00183c-ac4c-407e-9987-adaeb4c8117f,c0a924b2-4413-455e-b9a6-cd38488dce34,4
3d00183c-ac4c-407e-9987-adaeb4c8117f,3654c3e9-7f10-4c4a-ae39-6e9e1a21f463,4
3d00183c-ac4c-407e-9987-adaeb4c8117f,f63bdcd9-f1b5-41bd-ae4f-e5eb1fa7cbda,1
3d00183c-ac4c-407e-9987-adaeb4c8117f,d824052e-2727-4957-beba-7a991280a7be,4
3d00183c-ac4c-407e-9987-adaeb4c8117f,cbb2a9b0-b9f2-4e04-ad0b-a85f2f040304,2
6667472b-f35c-457d-bf53-b830e685f1cd,cc287d9c-d4ad-4437-b49a-e9e8a2d17dfd,4
6667472b-f35c-457d-bf53-b830e685f1cd,0dbc86f0-1d19-47b7-a218-1efccf1917c2,2
6667472b-f35c-457d-bf53-b830e685f1cd,c0136712-7509-4151-b65f-887dbf7ec7fa,1
6667472b-f35c-457d-bf53-b830e685f1cd,eabec00e-2958-449e-a394-a46311144494,1
6667472b-f35c-457d-bf53-b830e685f1cd,3bb377a6-fed6-4bf9-a367-257749bb00e0,3
6667472b-f35c-457d-bf53-b830e685f1cd,745f23ad-2526-4192-9621-9e80cfc367da,1
6667472b-f35c-457d-bf53-b830e685f1cd,a78425ce-7263-444f-a6eb-d3b321c54837,2
6667472b-f35c-457d-bf53-b830e685f1cd,96bc4148-f2ab-47db-968d-2f5fb3198251,2
6667472b-f35c-457d-bf53-b830e685f1cd,aee19085-9307-457a-9f75-d069962b3341,3
6667472b-f35c-457d-bf53-b830e685f1cd,e0345a31-d755-4c10-abc1-f181a9408c83,1
05887e2b-5e86-4d3c-8c5e-df0b63948e39,ca06c49b-7e56-472e-9b44-66eb23c78c0f,2
05887e2b-5e86-4d3c-8c5e-df0b63948e39,ccbe0fa1-7478-4547-88f2-7bc3bce17fa2,4
05887e2b-5e86-4d3c-8c5e-df0b63948e39,101734fe-a357-4f6f-b680-a2e05ab79416,1
05887e2b-5e86-4d3c-8c5e-df0b63948e39,4006a1cc-9ea0-4d78-abcd-8df62ac68505,1
05887e2b-5e86-4d3c-8c5e-df0b63948e39,a96a0c9e-1018-49ff-901b-15eb7d87af06,3
c025dd6b-753c-48b3-b2ee-e31d16e71941,ca06c49b-7e56-472e-9b44-66eb23c78c0f,1
c025dd6b-753c-48b3-b2ee-e31d16e71941,847251ef-0555-4e8b-af28-d1dd3c47023d,1
c025dd6b-753c-48b3-b2ee-e31d16e71941,5c24ed10-962a-4a0e-95e1-c1da02daf171,1
c025dd6b-753c-48b3-b2ee-e31d16e71941,f63bdcd9-f1b5-41bd-ae4f-e5eb1fa7cbda,2
c025dd6b-753c-48b3-b2ee-e31d16e71941,bbedb7fd-23c7-4de5-bc93-42718546f25b,1
cbfc9c59-726f-4d6b-b410-3c7c14db15d9,a409df27-4d34-4c1e-856c-fd2e30565bac,3
cbfc9c59-726f-4d6b-b410-3c7c14db15d9,f7feeaa8-bea1-4736-9ade-6db05c995f11,2
cbfc9c59-726f-4d6b-b410-3c7c14db15d9,229cc4b4-03aa-44c5-b17c-8d7687cfe3a6,2
cbfc9c59-726f-4d6b-b410-3c7c14db15d9,7ff20914-cf8c-46b8-bd51-c7a3fac5843f,4
cbfc9c59-726f-4d6b-b410-3c7c14db15d9,4a87f572-0a52-44eb-9f11-3f468b9c7447,2
cbfc9c59-726f-4d6b-b410-3c7c14db15d9,66cd0c29-0d37-4fce-a43c-ed8629e88d50,2
cbfc9c59-726f-4d6b-b410-3c7c14db15d9,8081d927-d84d-4f2f-bf1f-0908a70e7daf,2
0a3cfcf1-a51e-452b-89e7-43c83b9e931d,4426701b-3bc5-4ffc-9f49-2d2e70c7a52e,1
0a3cfcf1-a51e-452b-89e7-43c83b9e931d,a409df27-4d34-4c1e-856c-fd2e30565bac,4
0a3cfcf1-a51e-452b-89e7-43c83b9e931d,5e81a406-ab92-4a73-9397-4e3b4f689b7f,3
0a3cfcf1-a51e-452b-89e7-43c83b9e931d,8081d927-d84d-4f2f-bf1f-0908a70e7daf,2
0a3cfcf1-a51e-452b-89e7-43c83b9e931d,66cd0c29-0d37-4fce-a43c-ed8629e88d50,4
0a3cfcf1-a51e-452b-89e7-43c83b9e931d,a006822e-1cc3-449d-a248-c3e25a9dd35d,1
63be7116-cddc-404b-8e9a-c43236a94fa4,f4522ca6-8357-482c-8423-1861d44580aa,3
63be7116-cddc-404b-8e9a-c43236a94fa4,f85a76d3-7e6d-498b-ad8b-451d841bde40,1
63be7116-cddc-404b-8e9a-c43236a94fa4,102f7ab9-f368-4dbd-8ec8-0339b548fc47,3
63be7116-cddc-404b-8e9a-c43236a94fa4,4a87f572-0a52-44eb-9f11-3f468b9c7447,2
63be7116-cddc-404b-8e9a-c43236a94fa4,17454866-d3cf-4c9e-bc5d-a08d5c283865,3
63be7116-cddc-404b-8e9a-c43236a94fa4,3654c3e9-7f10-4c4a-ae39-6e9e1a21f463,4
63be7116-cddc-404b-8e9a-c43236a94fa4,f4522ca6-8357-482c-8423-1861d44580aa,4
63be7116-cddc-404b-8e9a-c43236a94fa4,745f23ad-2526-4192-9621-9e80cfc367da,2
985ed046-4adf-4cce-852c-0431a70280eb,1a397769-abfd-4077-ac2d-bc1d38c9c87f,4
985ed046-4adf-4cce-852c-0431a70280eb,ad355194-fb32-41a7-bb2f-24a12dfe626b,4
985ed046-4adf-4cce-852c-0431a70280eb,e0345a31-d755-4c10-abc1-f181a9408c83,4
985ed046-4adf-4cce-852c-0431a70280eb,101734fe-a357-4f6f-b680-a2e05ab79416,2
985ed046-4adf-4cce-852c-0431a70280eb,7c705e75-faf8-4509-ba7d-6100a977ec7a,3
985ed046-4adf-4cce-852c-0431a70280eb,9f938e81-7d27-45cd-b9c2-e121cc360edf,4
985ed046-4adf-4cce-852c-0431a70280eb,101734fe-a357-4f6f-b680-a2e05ab79416,3
985ed046-4adf-4cce-852c-0431a70280eb,82a98706-0438-4686-94ea-947a59e93919,3
985ed046-4adf-4cce-852c-0431a70280eb,23e16b2c-8988-4360-ae73-3381c078bf29,4
985ed046-4adf-4cce-852c-0431a70280eb,b2967972-ee15-4cd3-9bb7-65bbb068be15,4
a58f03c8-1154-4e8c-bf19-15da03fe46a7,dbf30547-bd5a-43dc-8759-f7ccc700c730,3
a58f03c8-1154-4e8c-bf19-15da03fe46a7,652eff4b-0682-4297-8cd8-57af86af21ff,1
a58f03c8-1154-4e8c-bf19-15da03fe46a7,bbedb7fd-23c7-4de5-bc93-42718546f25b,3
a58f03c8-1154-4e8c-bf19-15da03fe46a7,0984ab2c-8d23-4222-9435-c191936b7eb3,4
a58f03c8-1154-4e8c-bf19-15da03fe46a7,e52dd3be-8768-4e07-8b81-9988de878313,1
c1c66b18-ad09-4433-b881-61300b4fd530,e5a21b5c-53d4-467c-9d53-375006f37e6f,1
c1c66b18-ad09-4433-b881-61300b4fd530,e52dd3be-8768-4e07-8b81-9988de878313,3
c1c66b18-ad09-4433-b881-61300b4fd530,102f7ab9-f368-4dbd-8ec8-0339b548fc47,4
c1c66b18-ad09-4433-b881-61300b4fd530,0c5e40da-9f86-458c-8513-e4a3fc28100c,2
c1c66b18-ad09-4433-b881-61300b4fd530,4006a1cc-9ea0-4d78-abcd-8df62ac68505,4
c1c66b18-ad09-4433-b881-61300b4fd530,d15d328d-e6b5-4ac8-8232-afce11642b62,3
d993fe81-f763-4c4b-a0ba-5460f4b83aa6,6753deca-b028-4fc7-b60e-25e3d5139c5c,3
d993fe81-f763-4c4b-a0ba-5460f4b83aa6,b5390533-6b2d-45eb-a9cf-d9eb78930820,2
d993fe81-f763-4c4b-a0ba-5460f4b83aa6,d0ff0cfe-f839-4d2a-97c2-46720b4ac8d1,3
d993fe81-f763-4c4b-a0ba-5460f4b83aa6,e5a21b5c-53d4-467c-9d53-375006f37e6f,1
d993fe81-f763-4c4b-a0ba-5460f4b83aa6,652eff4b-0682-4297-8cd8-57af86af21ff,1
d993fe81-f763-4c4b-a0ba-5460f4b83aa6,23e16b2c-8988-4360-ae73-3381c078bf29,2
d993fe81-f763-4c4b-a0ba-5460f4b83aa6,f615b4af-f0f8-4d78-9394-ff0d7ea3ad34,1
d993fe81-f763-4c4b-a0ba-5460f4b83aa6,3bb377a6-fed6-4bf9-a367-257749bb00e0,3
99378108-4013-40bf-ba06-7beb4bd5b5e0,25a5785a-bff4-40bc-bad8-9d5e9f1b8d13,4
99378108-4013-40bf-ba06-7beb4bd5b5e0,0aa74d4b-ada6-421d-854c-fd7f9df98cc8,4
99378108-4013-40bf-ba06-7beb4bd5b5e0,101734fe-a357-4f6f-b680-a2e05ab79416,4
99378108-4013-40bf-ba06-7beb4bd5b5e0,bb502651-2be7-461b-89db-3eba4571f1cc,2
99378108-4013-40bf-ba06-7beb4bd5b5e0,0c5e40da-9f86-458c-8513-e4a3fc28100c,4
99378108-4013-40bf-ba06-7beb4bd5b5e0,489c43f6-9759-4485-ab68-39434421d333,1
99378108-4013-40bf-ba06-7beb4bd5b5e0,ad355194-fb32-41a7-bb2f-24a12dfe626b,2
74a61b3b-ea7a-44dc-8168-29bb010f3387,d0c195f1-c634-4295-be83-abbea67000e8,1
74a61b3b-ea7a-44dc-8168-29bb010f3387,bb502651-2be7-461b-89db-3eba4571f1cc,1
74a61b3b-ea7a-44dc-8168-29bb010f3387,d974a4b5-1b2b-4668-9fec-9313c3ecd907,4
74a61b3b-ea7a-44dc-8168-29bb010f3387,ca06c49b-7e56-472e-9b44-66eb23c78c0f,3
74a61b3b-ea7a-44dc-8168-29bb010f3387,d974a4b5-1b2b-4668-9fec-9313c3ecd907,3
74a61b3b-ea7a-44dc-8168-29bb010f3387,e0345a31-d755-4c10-abc1-f181a9408c83,3
74a61b3b-ea7a-44dc-8168-29bb010f3387,275e0f96-4e8c-4f7d-9819-cd80b40c7336,2
74a61b3b-ea7a-44dc-8168-29bb010f3387,0aa74d4b-ada6-421d-854c-fd7f9df98cc8,2
74a61b3b-ea7a-44dc-8168-29bb010f3387,c4b54d05-1605-4b56-befd-99e3cb179727,2
27826d25-2c3d-46cf-b840-be3a97956086,e52dd3be-8768-4e07-8b81-9988de878313,3
27826d25-2c3d-46cf-b840-be3a97956086,96bc4148-f2ab-47db-968d-2f5fb3198251,4
27826d25-2c3d-46cf-b840-be3a97956086,cbb2a9b0-b9f2-4e04-ad0b-a85f2f040304,1
dde4b8a1-d24c-474c-a112-ecf207f5e774,a006822e-1cc3-449d-a248-c3e25a9dd35d,4
dde4b8a1-d24c-474c-a112-ecf207f5e774,d824052e-2727-4957-beba-7a991280a7be,2
dde4b8a1-d24c-474c-a112-ecf207f5e774,919d770e-bb07-43e2-830c-af0e68a46131,2
711157de-ccd3-467c-b7b5-23364b55be50,a8b85e9a-c3b8-4a0c-9f1a-7123143eab35,3
711157de-ccd3-467c-b7b5-23364b55be50,101734fe-a357-4f6f-b680-a2e05ab79416,2
db8c2045-f19d-45fa-b675-c38d31363521,d9f3608f-fa4a-4c89-a1e0-efda9a77724c,1
db8c2045-f19d-45fa-b675-c38d31363521,652eff4b-0682-4297-8cd8-57af86af21ff,1
db8c2045-f19d-45fa-b675-c38d31363521,3654c3e9-7f10-4c4a-ae39-6e9e1a21f463,4
db8c2045-f19d-45fa-b675-c38d31363521,e8b6ad76-4498-4f03-90f2-48a8ba38e0cc,3
db8c2045-f19d-45fa-b675-c38d31363521,6753deca-b028-4fc7-b60e-25e3d5139c5c,2
db8c2045-f19d-45fa-b675-c38d31363521,8081d927-d84d-4f2f-bf1f-0908a70e7daf,3
db8c2045-f19d-45fa-b675-c38d31363521,06e18f41-9e0c-4614-8e67-6ed67a14ab34,4
f166f987-3957-4eb1-a895-359d455177a5,388e220e-4ae0-4c9f-98a6-061921e81138,2
f166f987-3957-4eb1-a895-359d455177a5,cbb2a9b0-b9f2-4e04-ad0b-a85f2f040304,1
f166f987-3957-4eb1-a895-359d455177a5,8081d927-d84d-4f2f-bf1f-0908a70e7daf,3
f166f987-3957-4eb1-a895-359d455177a5,3654c3e9-7f10-4c4a-ae39-6e9e1a21f463,2
f166f987-3957-4eb1-a895-359d455177a5,4006a1cc-9ea0-4d78-abcd-8df62ac68505,3
f166f987-3957-4eb1-a895-359d455177a5,b4d5eb1e-3e4d-4077-8203-eb84b47e68fb,1
67b6c923-0cb1-4c7f-a195-133512322d48,ccbe0fa1-7478-4547-88f2-7bc3bce17fa2,1
67b6c923-0cb1-4c7f-a195-133512322d48,1a397769-abfd-4077-ac2d-bc1d38c9c87f,4
67b6c923-0cb1-4c7f-a195-133512322d48,652eff4b-0682-4297-8cd8-57af86af21ff,2
67b6c923-0cb1-4c7f-a195-133512322d48,bb502651-2be7-461b-89db-3eba4571f1cc,2
67b6c923-0cb1-4c7f-a195-133512322d48,8081d927-d84d-4f2f-bf1f-0908a70e7daf,3
67b6c923-0cb1-4c7f-a195-133512322d48,82a98706-0438-4686-94ea-947a59e93919,3
aed99107-b46d-46dd-9a34-a43964b4461d,69cd191f-a370-4368-8a0b-155ce1938e1d,3
aed99107-b46d-46dd-9a34-a43964b4461d,0aa74d4b-ada6-421d-854c-fd7f9df98cc8,4
cf026572-9060-4fd7-88c0-0d1610d5f933,275e0f96-4e8c-4f7d-9819-cd80b40c7336,1
cf026572-9060-4fd7-88c0-0d1610d5f933,847251ef-0555-4e8b-af28-d1dd3c47023d,2
cf026572-9060-4fd7-88c0-0d1610d5f933,14bf788b-edf0-4e7a-8f05-b48b653ed08a,4
cf026572-9060-4fd7-88c0-0d1610d5f933,a93da88d-0c57-45a7-9a5d-1664aa2a47d1,4
cf026572-9060-4fd7-88c0-0d1610d5f933,aee19085-9307-457a-9f75-d069962b3341,3
cf026572-9060-4fd7-88c0-0d1610d5f933,ca06c49b-7e56-472e-9b44-66eb23c78c0f,3
cf026572-9060-4fd7-88c0-0d1610d5f933,29c24de1-a04c-4843-8aae-34cfa93f42ff,3
cf026572-9060-4fd7-88c0-0d1610d5f933,652eff4b-0682-4297-8cd8-57af86af21ff,4
cf026572-9060-4fd7-88c0-0d1610d5f933,4b8e4252-26cb-4f8c-88f1-6884386896f9,2
cf026572-9060-4fd7-88c0-0d1610d5f933,ae668877-4497-4409-b206-e5f588858f16,1
8bdd1230-c649-44b2-9612-1178bb670638,0c5e40da-9f86-458c-8513-e4a3fc28100c,2
8bdd1230-c649-44b2-9612-1178bb670638,54d2c29f-85e4-4053-85d0-12da4d5b16b7,2
60015f25-3777-4d4f-a9a6-8245c69f3039,cc287d9c-d4ad-4437-b49a-e9e8a2d17dfd,1
60015f25-3777-4d4f-a9a6-8245c69f3039,7ff20914-cf8c-46b8-bd51-c7a3fac5843f,4
60015f25-3777-4d4f-a9a6-8245c69f3039,ae668877-4497-4409-b206-e5f588858f16,4
60015f25-3777-4d4f-a9a6-8245c69f3039,b2967972-ee15-4cd3-9bb7-65bbb068be15,2
60015f25-3777-4d4f-a9a6-8245c69f3039,b5214d37-4174-44ba-b262-6f81a2f93dee,3
c23ebad1-7c02-40a5-9623-103f5ae0737f,0984ab2c-8d23-4222-9435-c191936b7eb3,1
c23ebad1-7c02-40a5-9623-103f5ae0737f,54d2c29f-85e4-4053-85d0-12da4d5b16b7,2
c23ebad1-7c02-40a5-9623-103f5ae0737f,e0345a31-d755-4c10-abc1-f181a9408c83,1
c23ebad1-7c02-40a5-9623-103f5ae0737f,336b9122-7452-4d15-9e0e-a0c4289e2e23,2
c23ebad1-7c02-40a5-9623-103f5ae0737f,847251ef-0555-4e8b-af28-d1dd3c47023d,4
c23ebad1-7c02-40a5-9623-103f5ae0737f,a409df27-4d34-4c1e-856c-fd2e30565bac,4
c23ebad1-7c02-40a5-9623-103f5ae0737f,101734fe-a357-4f6f-b680-a2e05ab79416,2
1bc33fa9-2009-4b90-bd0b-68111faa7b54,4531645f-8c43-42d0-85b1-358aa341141d,4
1bc33fa9-2009-4b90-bd0b-68111faa7b54,f4522ca6-8357-482c-8423-1861d44580aa,2
1bc33fa9-2009-4b90-bd0b-68111faa7b54,eabec00e-2958-449e-a394-a46311144494,4
1bc33fa9-2009-4b90-bd0b-68111faa7b54,c0136712-7509-4151-b65f-887dbf7ec7fa,4
1bc33fa9-2009-4b90-bd0b-68111faa7b54,847251ef-0555-4e8b-af28-d1dd3c47023d,1
af0945d1-c8c7-486e-aab4-1f97d0528d1f,14bf788b-edf0-4e7a-8f05-b48b653ed08a,4
af0945d1-c8c7-486e-aab4-1f97d0528d1f,d15d328d-e6b5-4ac8-8232-afce11642b62,2
af0945d1-c8c7-486e-aab4-1f97d0528d1f,f4522ca6-8357-482c-8423-1861d44580aa,2
1359a623-8ee0-44cc-bd6a-d16874cfe7a9,dbf30547-bd5a-43dc-8759-f7ccc700c730,4
c9f5fc60-9b65-4c0f-a8d3-fa5109d91952,14bf788b-edf0-4e7a-8f05-b48b653ed08a,4
c9f5fc60-9b65-4c0f-a8d3-fa5109d91952,c4b54d05-1605-4b56-befd-99e3cb179727,4
b8b24889-42e2-4b33-9d57-440010497723,e52dd3be-8768-4e07-8b81-9988de878313,3
b8b24889-42e2-4b33-9d57-440010497723,66cd0c29-0d37-4fce-a43c-ed8629e88d50,3
b8b24889-42e2-4b33-9d57-440010497723,4531645f-8c43-42d0-85b1-358aa341141d,1
b8b24889-42e2-4b33-9d57-440010497723,f63bdcd9-f1b5-41bd-ae4f-e5eb1fa7cbda,1
b8b24889-42e2-4b33-9d57-440010497723,18e80379-af5d-4c52-b5e1-df36483675d9,4
b8b24889-42e2-4b33-9d57-440010497723,1b0d9486-c97e-4f64-9267-b704df6c9dbf,4
b8b24889-42e2-4b33-9d57-440010497723,795444e3-3c57-4580-aafd-e5fed373e9c7,3
b8b24889-42e2-4b33-9d57-440010497723,3654c3e9-7f10-4c4a-ae39-6e9e1a21f463,3
b8b24889-42e2-4b33-9d57-440010497723,b89da699-f18c-4bdd-ada3-5562805968b1,4
b8b24889-42e2-4b33-9d57-440010497723,652eff4b-0682-4297-8cd8-57af86af21ff,3
3763a126-cc29-497f-8b1d-58b99e8661b3,795444e3-3c57-4580-aafd-e5fed373e9c7,1
3763a126-cc29-497f-8b1d-58b99e8661b3,aee19085-9307-457a-9f75-d069962b3341,1
3763a126-cc29-497f-8b1d-58b99e8661b3,229cc4b4-03aa-44c5-b17c-8d7687cfe3a6,3
3763a126-cc29-497f-8b1d-58b99e8661b3,489c43f6-9759-4485-ab68-39434421d333,3
3763a126-cc29-497f-8b1d-58b99e8661b3,0c5e40da-9f86-458c-8513-e4a3fc28100c,1
3763a126-cc29-497f-8b1d-58b99e8661b3,14bf788b-edf0-4e7a-8f05-b48b653ed08a,4
3763a126-cc29-497f-8b1d-58b99e8661b3,06e18f41-9e0c-4614-8e67-6ed67a14ab34,2
3763a126-cc29-497f-8b1d-58b99e8661b3,aee19085-9307-457a-9f75-d069962b3341,4
3763a126-cc29-497f-8b1d-58b99e8661b3,b4d5eb1e-3e4d-4077-8203-eb84b47e68fb,2
3763a126-cc29-497f-8b1d-58b99e8661b3,8081d927-d84d-4f2f-bf1f-0908a70e7daf,1
a44149d8-18e6-490c-b491-ed57e5bd59c0,a006822e-1cc3-449d-a248-c3e25a9dd35d,1
a44149d8-18e6-490c-b491-ed57e5bd59c0,745f23ad-2526-4192-9621-9e80cfc367da,1
a44149d8-18e6-490c-b491-ed57e5bd59c0,e0345a31-d755-4c10-abc1-f181a9408c83,4
a44149d8-18e6-490c-b491-ed57e5bd59c0,f4522ca6-8357-482c-8423-1861d44580aa,3
a44149d8-18e6-490c-b491-ed57e5bd59c0,25a5785a-bff4-40bc-bad8-9d5e9f1b8d13,4
a44149d8-18e6-490c-b491-ed57e5bd59c0,bb502651-2be7-461b-89db-3eba4571f1cc,1
a44149d8-18e6-490c-b491-ed57e5bd59c0,29c24de1-a04c-4843-8aae-34cfa93f42ff,2
a44149d8-18e6-490c-b491-ed57e5bd59c0,69cd191f-a370-4368-8a0b-155ce1938e1d,4
a44149d8-18e6-490c-b491-ed57e5bd59c0,f167c024-e660-4b35-93f2-d05c2bf64e21,1
a44149d8-18e6-490c-b491-ed57e5bd59c0,23e16b2c-8988-4360-ae73-3381c078bf29,3
7edc054e-39ae-4262-8d75-27edf9988467,06e18f41-9e0c-4614-8e67-6ed67a14ab34,2
7edc054e-39ae-4262-8d75-27edf9988467,06e18f41-9e0c-4614-8e67-6ed67a14ab34,1
7edc054e-39ae-4262-8d75-27edf9988467,4426701b-3bc5-4ffc-9f49-2d2e70c7a52e,1
7edc054e-39ae-4262-8d75-27edf9988467,33a2d180-c272-4e4e-95b2-36112674bb32,3
7edc054e-39ae-4262-8d75-27edf9988467,c0a924b2-4413-455e-b9a6-cd38488dce34,1
7edc054e-39ae-4262-8d75-27edf9988467,a93da88d-0c57-45a7-9a5d-1664aa2a47d1,3
7edc054e-39ae-4262-8d75-27edf9988467,cbb2a9b0-b9f2-4e04-ad0b-a85f2f040304,1
7edc054e-39ae-4262-8d75-27edf9988467,5c24ed10-962a-4a0e-95e1-c1da02daf171,2
2754e50d-f53c-44cd-9ec9-63bb76c881d5,cbb2a9b0-b9f2-4e04-ad0b-a85f2f040304,2
2754e50d-f53c-44cd-9ec9-63bb76c881d5,232b49c7-74e2-4261-a3e8-d0569e5ed2b2,3
2754e50d-f53c-44cd-9ec9-63bb76c881d5,cc287d9c-d4ad-4437-b49a-e9e8a2d17dfd,1
2754e50d-f53c-44cd-9ec9-63bb76c881d5,f798ffc5-b1d1-4c2e-b032-866b31fb6d19,4
2754e50d-f53c-44cd-9ec9-63bb76c881d5,e5a21b5c-53d4-467c-9d53-375006f37e6f,1
2754e50d-f53c-44cd-9ec9-63bb76c881d5,4a87f572-0a52-44eb-9f11-3f468b9c7447,1
2754e50d-f53c-44cd-9ec9-63bb76c881d5,d9f3608f-fa4a-4c89-a1e0-efda9a77724c,3
2754e50d-f53c-44cd-9ec9-63bb76c881d5,6753deca-b028-4fc7-b60e-25e3d5139c5c,3
f6c0ec51-af7d-4425-9967-2ae599cd1caa,4531645f-8c43-42d0-85b1-358aa341141d,4
f6c0ec51-af7d-4425-9967-2ae599cd1caa,7c705e75-faf8-4509-ba7d-6100a977ec7a,1
f6c0ec51-af7d-4425-9967-2ae599cd1caa,f615b4af-f0f8-4d78-9394-ff0d7ea3ad34,1
f6c0ec51-af7d-4425-9967-2ae599cd1caa,29c24de1-a04c-4843-8aae-34cfa93f42ff,2
f6c0ec51-af7d-4425-9967-2ae599cd1caa,ef5cdbd9-4faf-4d13-a43e-84585a42a8fc,2
f6c0ec51-af7d-4425-9967-2ae599cd1caa,17454866-d3cf-4c9e-bc5d-a08d5c283865,2
f6b3091d-495a-4238-89c4-829046c51def,a006822e-1cc3-449d-a248-c3e25a9dd35d,4
f6b3091d-495a-4238-89c4-829046c51def,cc287d9c-d4ad-4437-b49a-e9e8a2d17dfd,2
f6b3091d-495a-4238-89c4-829046c51def,18e80379-af5d-4c52-b5e1-df36483675d9,1
55d7b1da-9983-46d2-a7b1-9910766b6449,aee19085-9307-457a-9f75-d069962b3341,2
55d7b1da-9983-46d2-a7b1-9910766b6449,2f8178b7-9b62-42ab-acba-42691bb0fa1f,4
55d7b1da-9983-46d2-a7b1-9910766b6449,c0136712-7509-4151-b65f-887dbf7ec7fa,2
55d7b1da-9983-46d2-a7b1-9910766b6449,a96a0c9e-1018-49ff-901b-15eb7d87af06,1
55d7b1da-9983-46d2-a7b1-9910766b6449,d824052e-2727-4957-beba-7a991280a7be,2
55d7b1da-9983-46d2-a7b1-9910766b6449,f615b4af-f0f8-4d78-9394-ff0d7ea3ad34,1
35137415-7ade-4d4e-8e0c-98823c838467,aee19085-9307-457a-9f75-d069962b3341,3
35137415-7ade-4d4e-8e0c-98823c838467,ca06c49b-7e56-472e-9b44-66eb23c78c0f,3
cda6aa6e-89b2-4a86-91a4-888f480cce5b,a006822e-1cc3-449d-a248-c3e25a9dd35d,1
cda6aa6e-89b2-4a86-91a4-888f480cce5b,919d770e-bb07-43e2-830c-af0e68a46131,3
cda6aa6e-89b2-4a86-91a4-888f480cce5b,c0136712-7509-4151-b65f-887dbf7ec7fa,3
cda6aa6e-89b2-4a86-91a4-888f480cce5b,54d2c29f-85e4-4053-85d0-12da4d5b16b7,2
cda6aa6e-89b2-4a86-91a4-888f480cce5b,29c24de1-a04c-4843-8aae-34cfa93f42ff,1
cda6aa6e-89b2-4a86-91a4-888f480cce5b,29c24de1-a04c-4843-8aae-34cfa93f42ff,4
cda6aa6e-89b2-4a86-91a4-888f480cce5b,8081d927-d84d-4f2f-bf1f-0908a70e7daf,3
cda6aa6e-89b2-4a86-91a4-888f480cce5b,a47785eb-e02d-424a-9903-0c8e13352670,2
cda6aa6e-89b2-4a86-91a4-888f480cce5b,795444e3-3c57-4580-aafd-e5fed373e9c7,1
cda6aa6e-89b2-4a86-91a4-888f480cce5b,17454866-d3cf-4c9e-bc5d-a08d5c283865,3
58a3956b-fead-432d-9852-868abc5c40c0,fa22c659-68fb-4beb-8d69-222f8df35aaf,2
58a3956b-fead-432d-9852-868abc5c40c0,795444e3-3c57-4580-aafd-e5fed373e9c7,1
58a3956b-fead-432d-9852-868abc5c40c0,479808b7-d0d4-400f-8261-5d0b162e3a88,4
58a3956b-fead-432d-9852-868abc5c40c0,bb502651-2be7-461b-89db-3eba4571f1cc,3
58a3956b-fead-432d-9852-868abc5c40c0,17454866-d3cf-4c9e-bc5d-a08d5c283865,3
58a3956b-fead-432d-9852-868abc5c40c0,7c705e75-faf8-4509-ba7d-6100a977ec7a,2
58a3956b-fead-432d-9852-868abc5c40c0,d0ff0cfe-f839-4d2a-97c2-46720b4ac8d1,2
1da06a21-63db-471e-9707-8d2e00f80670,0aa74d4b-ada6-421d-854c-fd7f9df98cc8,2
1da06a21-63db-471e-9707-8d2e00f80670,f615b4af-f0f8-4d78-9394-ff0d7ea3ad34,1
1da06a21-63db-471e-9707-8d2e00f80670,d824052e-2727-4957-beba-7a991280a7be,1
1da06a21-63db-471e-9707-8d2e00f80670,25a5785a-bff4-40bc-bad8-9d5e9f1b8d13,1
